group_id,config,condition_label,n_windows,label_overall,pred_overall,label_tone_quality,pred_tone_quality,label_attack_quality,pred_attack_quality,label_release_quality,pred_release_quality,label_bow_control,pred_bow_control,label_dynamic_accuracy,pred_dynamic_accuracy
20260709_142627_A_board_Dfirm_Sfast_056_r0,board,board_Dfirm_Sfast,10,0.778814560174942,0.7668093025684357,0.7586619913578033,0.7513050734996796,0.8658277511596679,0.8644919276237488,0.6825056701898575,0.6713546782732009,0.6557819500565529,0.6302532859146595,0.992852509021759,0.9812864601612091
20260709_142627_A_board_Dfirm_Sfast_056_r1,board,board_Dfirm_Sfast,10,0.767194128036499,0.7673269212245941,0.7654768466949463,0.7635948956012726,0.86436448097229,0.8611593246459961,0.6478685349225998,0.632822921872139,0.6190617613494396,0.6126484490931035,0.9930797815322876,0.9818468928337097
20260709_142627_A_board_Dfirm_Sfast_056_r2,board,board_Dfirm_Sfast,10,0.7632322013378143,0.7591315686702729,0.7628952443599701,0.7626839816570282,0.8651751101016998,0.8608087599277496,0.6359677791595459,0.6278992563486099,0.606128603965044,0.603039239346981,0.9929547309875488,0.9818714022636413
20260709_142627_A_board_Dfirm_Sfast_056_r3,board,board_Dfirm_Sfast,10,0.7525142848491668,0.750343245267868,0.752009654045105,0.7547897458076477,0.8570300221443177,0.854032576084137,0.6359413832426071,0.6245280206203461,0.5803310126066208,0.57617297321558,0.9923053979873657,0.9815058052539826
20260709_142627_A_board_Dfirm_Sfast_056_r4,board,board_Dfirm_Sfast,10,0.7783689141273499,0.7661572217941284,0.7765967905521393,0.7711791396141052,0.8624419033527374,0.8572772741317749,0.6534923940896988,0.6399264097213745,0.6419733047485352,0.622683934867382,0.990595817565918,0.9811247527599335
20260709_142627_A_board_Dfirm_Smedium_072_r0,board,board_Dfirm_Smedium,13,0.7350270197941706,0.7235399026137131,0.708768775829902,0.704588362803826,0.8523629216047434,0.8502781849641067,0.6494976648917565,0.6397629884573129,0.5680963236552018,0.5547752036498144,0.9841145277023315,0.9681908396574167
20260709_142627_A_board_Dfirm_Smedium_072_r1,board,board_Dfirm_Smedium,13,0.7401052438295804,0.7390662110768832,0.7107699146637549,0.7059921301328219,0.8445381476328924,0.8448493985029367,0.6548376152148614,0.6489382156958947,0.5924592098364463,0.5837452858686447,0.9879106879234314,0.9702010659071115
20260709_142627_A_board_Dfirm_Smedium_072_r2,board,board_Dfirm_Smedium,13,0.7271829981070298,0.7351992313678448,0.7004202833542457,0.7038227915763855,0.8433161011108985,0.8440222694323614,0.6404664378899795,0.6369012685922476,0.5583435766972028,0.5708386175907575,0.9856580495834351,0.9701885856114901
20260709_142627_A_board_Dfirm_Smedium_072_r3,board,board_Dfirm_Smedium,13,0.7091940687252924,0.7089042021678045,0.6795034041771522,0.677163289143489,0.848470151424408,0.8495510403926556,0.6308013498783112,0.6363437290375049,0.5143727144369712,0.5163804258291538,0.9784771800041199,0.9696246431424067
20260709_142627_A_board_Dfirm_Smedium_072_r4,board,board_Dfirm_Smedium,13,0.7593821837351873,0.747606662603525,0.724340402162992,0.7180566696020273,0.8569673437338609,0.8581880101790795,0.6807974989597614,0.6786724764567155,0.629418548483115,0.6120350658893585,0.9807763695716858,0.9686954021453857
20260709_142627_A_board_Dfirm_Spendant_ref_032_r0,board,board_Dfirm_Spendant_ref,8,0.713683657348156,0.7159022092819214,0.7329866141080856,0.7323466688394547,0.8310671374201775,0.8242258727550507,0.5929656662046909,0.5930270776152611,0.4853475739946589,0.500854205340147,0.9912975430488586,0.9833093881607056
20260709_142627_A_board_Dfirm_Spendant_ref_032_r1,board,board_Dfirm_Spendant_ref,8,0.7200697883963585,0.7235844805836678,0.7511871978640556,0.7505402266979218,0.8280142098665237,0.8243430778384209,0.570396538823843,0.5699845887720585,0.49289495870471,0.5059729381464422,0.9896863698959351,0.983445517718792
20260709_142627_A_board_Dfirm_Spendant_ref_032_r2,board,board_Dfirm_Spendant_ref,8,0.7272936403751373,0.7268477007746696,0.7500481903553009,0.7487967908382416,0.8172103613615036,0.8126139789819717,0.6091606914997101,0.6049197986721992,0.5155309569090605,0.5208563478663564,0.9894816279411316,0.9841439202427864
20260709_142627_A_board_Dfirm_Spendant_ref_032_r3,board,board_Dfirm_Spendant_ref,8,0.6809032931923866,0.6693665683269501,0.6783221364021301,0.6721817329525948,0.7976257130503654,0.793191708624363,0.6206847280263901,0.6166754439473152,0.43810209911316633,0.4230853207409382,0.9950838088989258,0.9841881394386292
20260709_142627_A_board_Dfirm_Spendant_ref_032_r4,board,board_Dfirm_Spendant_ref,8,0.7357216626405716,0.7412909641861916,0.7514561265707016,0.7546865418553352,0.8328164964914322,0.8241280764341354,0.615645244717598,0.6068999618291855,0.5347738158889115,0.5455119661055505,0.9920455813407898,0.9849327132105827
20260709_142627_A_board_Dfirm_Sslow_013_r0,board,board_Dfirm_Sslow,16,0.6701576709747314,0.6481024734675884,0.5877363756299019,0.5844934694468975,0.8327644318342209,0.8357071988284588,0.6267409827560186,0.6239471230655909,0.5029355771839619,0.5011482443660498,0.9618006348609924,0.9349159523844719
20260709_142627_A_board_Dfirm_Sslow_013_r1,board,board_Dfirm_Sslow,16,0.6806339249014854,0.6642500646412373,0.6101639978587627,0.6077976077795029,0.8457307815551758,0.8478512391448021,0.6400440428406,0.6384095214307308,0.5278796665370464,0.5210036160424352,0.919808030128479,0.9450542479753494
20260709_142627_A_board_Dfirm_Sslow_013_r2,board,board_Dfirm_Sslow,16,0.6809753738343716,0.6621027141809464,0.5964857637882233,0.5946724228560925,0.8398137502372265,0.8432267755270004,0.6484995596110821,0.6454703100025654,0.5337373353540897,0.5329118827357888,0.9485239386558533,0.9395878091454506
20260709_142627_A_board_Dfirm_Sslow_013_r3,board,board_Dfirm_Sslow,16,0.6856495849788189,0.6754012070596218,0.6109735816717148,0.6109278425574303,0.8452760018408298,0.8472549244761467,0.6536914147436619,0.655451912432909,0.5400089458562434,0.5367588717490435,0.9041605591773987,0.945103295147419
20260709_142627_A_board_Dfirm_Sslow_013_r4,board,board_Dfirm_Sslow,16,0.6810206659138203,0.6629371680319309,0.6013018935918808,0.6016667149960995,0.8407681286334991,0.8477391414344311,0.6401860043406487,0.6386705692857504,0.534366893582046,0.530932524241507,0.9261268973350525,0.9332844354212284
20260709_142627_A_board_Dfirm_Svery_slow_012_r0,board,board_Dfirm_Svery_slow,21,0.6720729271570841,0.655527895405179,0.5721798340479533,0.5703839461008707,0.8339069826262338,0.838780681292216,0.6498256141231173,0.6477810442447662,0.5467266071410406,0.5355426264660699,0.8996983766555786,0.9085425223623004
20260709_142627_A_board_Dfirm_Svery_slow_012_r1,board,board_Dfirm_Svery_slow,21,0.6695485484032404,0.653281589349111,0.5791116158167521,0.5773566081410363,0.8219215671221415,0.8266767660776774,0.6374065478642782,0.6359891777946836,0.5327015873931703,0.5285130384422484,0.9201434254646301,0.9086114537148249
20260709_142627_A_board_Dfirm_Svery_slow_012_r2,board,board_Dfirm_Svery_slow,21,0.6836363360995338,0.6664160319737026,0.583060275940668,0.5819140984898522,0.8328183406875247,0.8367245395978292,0.6549670951707023,0.652752487432389,0.5536374463921502,0.5520187126738685,0.9580062627792358,0.9085800307137626
20260709_142627_A_board_Dfirm_Svery_slow_012_r3,board,board_Dfirm_Svery_slow,21,0.6799371554738,0.6568356326648167,0.5803445691154117,0.5778887470563253,0.8291568614187694,0.8330816371100289,0.6609197571164086,0.6596167399769738,0.5537524727128801,0.5427897728624798,0.9245330691337585,0.9162015176954723
20260709_142627_A_board_Dfirm_Svery_slow_012_r4,board,board_Dfirm_Svery_slow,21,0.6601414339882987,0.6482900494620913,0.5769352089791071,0.574944311664218,0.8299216003645034,0.8340753260112944,0.6151605447133383,0.6141282958643777,0.5193065362317222,0.5156109049206689,0.8807653188705444,0.9116438655626207
20260709_142627_A_board_Dlight_Sfast_016_r0,board,board_Dlight_Sfast,10,0.6851382195949555,0.6711188793182373,0.6348950028419494,0.6345874190330505,0.8431385159492493,0.8415464937686921,0.6295420736074447,0.6282950639724731,0.4850564733147621,0.47564260810613634,0.9927630424499512,0.9658981382846832
20260709_142627_A_board_Dlight_Sfast_016_r1,board,board_Dlight_Sfast,10,0.680413669347763,0.6640914261341095,0.6276779174804688,0.6309411346912384,0.8465497374534607,0.8462603211402893,0.6173232853412628,0.623193234205246,0.4715268239378929,0.4619775518774986,0.9929309487342834,0.9680140078067779
20260709_142627_A_board_Dlight_Sfast_016_r2,board,board_Dlight_Sfast,10,0.6837249755859375,0.6737056612968445,0.636351865530014,0.6376723647117615,0.8418868005275726,0.839808589220047,0.6259750425815582,0.6244041651487351,0.47941427379846574,0.47329057157039645,0.9903103709220886,0.9658596456050873
20260709_142627_A_board_Dlight_Sfast_016_r3,board,board_Dlight_Sfast,10,0.68622727394104,0.6797970473766327,0.6403784930706025,0.6409679412841797,0.843053936958313,0.8397708296775818,0.6406144171953201,0.6406727641820907,0.4787194527685642,0.4780762031674385,0.9927104115486145,0.9679101049900055
20260709_142627_A_board_Dlight_Sfast_016_r4,board,board_Dlight_Sfast,10,0.6778018176555634,0.6646517097949982,0.6335640192031861,0.6344236195087433,0.839420223236084,0.8367285192012787,0.6142181187868119,0.6120954990386963,0.46775504350662234,0.4585093170404434,0.9940887093544006,0.9665503144264221
20260709_142627_A_board_Dlight_Smedium_031_r0,board,board_Dlight_Smedium,13,0.7155241416050837,0.7137312659850488,0.6937424815618075,0.6895635586518508,0.851334824011876,0.8476962309617263,0.6466129880685073,0.6377179003678836,0.5243527339054987,0.5176432052483926,0.9826534986495972,0.9675620840145991
20260709_142627_A_board_Dlight_Smedium_031_r1,board,board_Dlight_Smedium,13,0.7195948362350464,0.7221411787546598,0.6811150174874526,0.6785618296036353,0.8493006183550909,0.8474799073659457,0.6788118367011731,0.67173698086005,0.5396114392922475,0.5345465346024587,0.9885249137878418,0.9679264976428106
20260709_142627_A_board_Dlight_Smedium_031_r2,board,board_Dlight_Smedium,13,0.7280422128163851,0.724517638866718,0.6995437878828782,0.6950090114886944,0.8461723327636719,0.8432306051254272,0.664169212946525,0.6626989405888778,0.5535387969934024,0.544126767378587,0.9862566590309143,0.9669641806529119
20260709_142627_A_board_Dlight_Smedium_031_r3,board,board_Dlight_Smedium,13,0.7143950003844041,0.7175368483249958,0.695240644308237,0.6959850146220281,0.8445942172637353,0.8413582673439612,0.6188656848210555,0.6195469338160294,0.5171424494339869,0.5315652185907731,0.9878168702125549,0.965026433651264
20260709_142627_A_board_Dlight_Smedium_031_r4,board,board_Dlight_Smedium,13,0.7233230196512662,0.7312632111402658,0.6946124984667852,0.7006450524696937,0.8271250128746033,0.8246648632563077,0.6704890338274149,0.6712346031115606,0.5517629992503387,0.5686775812735925,0.9883081316947937,0.9651280962503873
20260709_142627_A_board_Dlight_Spendant_ref_025_r0,board,board_Dlight_Spendant_ref,8,0.7331534251570702,0.7353924512863159,0.7566053941845894,0.7564027681946754,0.829366110265255,0.8206269592046738,0.6111936941742897,0.6099507622420788,0.5220192112028599,0.5324746733531356,0.9873204231262207,0.981471411883831
20260709_142627_A_board_Dlight_Spendant_ref_025_r1,board,board_Dlight_Spendant_ref,8,0.738817997276783,0.7318561151623726,0.7675245106220245,0.7639531269669533,0.8092037588357925,0.8045616149902344,0.6065265387296677,0.6147440075874329,0.5358338179066777,0.5421495558694005,0.9945749044418335,0.9821222648024559
20260709_142627_A_board_Dlight_Spendant_ref_025_r2,board,board_Dlight_Spendant_ref,8,0.7378257215023041,0.7364423125982285,0.7473394274711609,0.7530937939882278,0.8295902833342552,0.8255041390657425,0.6341304965317249,0.6181376650929451,0.5513552445918322,0.5449270866811275,0.9902486205101013,0.9817159101366997
20260709_142627_A_board_Dlight_Spendant_ref_025_r3,board,board_Dlight_Spendant_ref,8,0.744931198656559,0.7283975034952164,0.7575695067644119,0.751132532954216,0.8133526295423508,0.8038555681705475,0.6280674040317535,0.6242713928222656,0.568898512981832,0.549931657500565,0.9944486618041992,0.9825848266482353
20260709_142627_A_board_Dlight_Spendant_ref_025_r4,board,board_Dlight_Spendant_ref,8,0.7500958442687988,0.7471641972661018,0.769733801484108,0.7708977684378624,0.8307046368718147,0.8244478404521942,0.6240028142929077,0.6103709302842617,0.5706936866044998,0.5645939372479916,0.9940178394317627,0.9815387427806854
20260709_142627_A_board_Dlight_Sslow_051_r0,board,board_Dlight_Sslow,16,0.6946587897837162,0.6930716820061207,0.650334071367979,0.6507149152457714,0.8559888005256653,0.8544967137277126,0.6480082180351019,0.647162813693285,0.5063281450420618,0.5155643280595541,0.9521428942680359,0.9603201374411583
20260709_142627_A_board_Dlight_Sslow_051_r1,board,board_Dlight_Sslow,16,0.7143735438585281,0.7110893875360489,0.6822041124105453,0.6773151159286499,0.858682356774807,0.8579110391438007,0.6459707003086805,0.6479056011885405,0.5465619256719947,0.5417428119108081,0.9268980026245117,0.9602167271077633
20260709_142627_A_board_Dlight_Sslow_051_r2,board,board_Dlight_Sslow,16,0.7048438601195812,0.7034367918968201,0.6648479774594307,0.6608109697699547,0.848249327391386,0.847547572106123,0.6672446988523006,0.6675839610397816,0.5308482153341174,0.5308046787977219,0.9355309009552002,0.9580934606492519
20260709_142627_A_board_Dlight_Sslow_051_r3,board,board_Dlight_Sslow,16,0.6962084248661995,0.7010028809309006,0.652916893362999,0.6509772166609764,0.855144627392292,0.8525886423885822,0.6616594772785902,0.6601242981851101,0.5147728957235813,0.5228320863097906,0.9299599528312683,0.9572450369596481
20260709_142627_A_board_Dlight_Sslow_051_r4,board,board_Dlight_Sslow,16,0.6925853490829468,0.6923613771796227,0.6495004221796989,0.6486746519804001,0.8536321632564068,0.8502003252506256,0.644231129437685,0.6396784503012896,0.4938451098278165,0.5054107131436467,0.9555251002311707,0.9564817473292351
20260709_142627_A_board_Dlight_Svery_slow_015_r0,board,board_Dlight_Svery_slow,21,0.6683356705166045,0.6603717860721406,0.576957262697674,0.5781634762173608,0.8311446479388646,0.833659603482201,0.6454165350823176,0.6418209785506839,0.5466820328008561,0.5415134302207402,0.8547775149345398,0.8751151590120225
20260709_142627_A_board_Dlight_Svery_slow_015_r1,board,board_Dlight_Svery_slow,21,0.6310468316078186,0.6551693138622102,0.5657182846750531,0.5679686637151808,0.8261378577777317,0.8330122601418268,0.628517883164542,0.6257370823905581,0.5354271673020863,0.5294942614578065,0.6239323616027832,0.8710409289314633
20260709_142627_A_board_Dlight_Svery_slow_015_r2,board,board_Dlight_Svery_slow,21,0.6667996048927307,0.666350781917572,0.5650859702201116,0.5668354119573321,0.8332842588424683,0.8382548547926403,0.6458231295858111,0.6417974205244155,0.5549256375857762,0.5468125300748008,0.8568940758705139,0.8696413323992774
20260709_142627_A_board_Dlight_Svery_slow_015_r3,board,board_Dlight_Svery_slow,21,0.6626977012270973,0.6581639420418512,0.5718484435762677,0.5732385118802389,0.8325880567232767,0.8346407952762785,0.6280170679092407,0.6243339606693813,0.5429820844105312,0.5327542069412413,0.849001944065094,0.8768478234608968
20260709_142627_A_board_Dlight_Svery_slow_015_r4,board,board_Dlight_Svery_slow,21,0.6566350431669326,0.6508257218769619,0.5647375157901219,0.5661955873171488,0.824197789033254,0.826432432447161,0.6050404437950679,0.6038730797313508,0.5068331956863403,0.4986059701158887,0.9108242392539978,0.8697807079269773
20260709_142627_A_board_Dmedium_Sfast_074_r0,board,board_Dmedium_Sfast,10,0.7626976013183594,0.7583134293556213,0.7634431600570679,0.7594770848751068,0.8449297845363617,0.8431966543197632,0.6541929602622986,0.6374069213867187,0.6144121497869491,0.6002710729837417,0.9908997416496277,0.9767005026340485
20260709_142627_A_board_Dmedium_Sfast_074_r1,board,board_Dmedium_Sfast,10,0.7310204446315766,0.731371420621872,0.7112219154834747,0.713783347606659,0.8411635518074035,0.8390718400478363,0.6604484111070633,0.6530310779809951,0.5533683136105537,0.554264560341835,0.9898856282234192,0.9771860003471374
20260709_142627_A_board_Dmedium_Sfast_074_r2,board,board_Dmedium_Sfast,10,0.6895763278007507,0.6864142656326294,0.6805727899074554,0.6818744361400604,0.8215287327766418,0.8200529277324676,0.577036327123642,0.5836001932621002,0.4745629891753197,0.4769459791481495,0.9887983798980713,0.9758379936218262
20260709_142627_A_board_Dmedium_Sfast_074_r3,board,board_Dmedium_Sfast,10,0.7253772556781769,0.7261206269264221,0.7187031865119934,0.7163033068180085,0.8313569784164428,0.8277395069599152,0.6485212117433548,0.6370625972747803,0.5312540039420128,0.5235682457685471,0.9909555912017822,0.9766320526599884
20260709_142627_A_board_Dmedium_Sfast_074_r4,board,board_Dmedium_Sfast,10,0.7467281281948089,0.7403250396251678,0.7609337210655213,0.7581881701946258,0.837230384349823,0.830475389957428,0.6123505651950836,0.608801519870758,0.5713287957012654,0.5633632794022561,0.988495409488678,0.9768038153648376
20260709_142627_A_board_Dmedium_Smedium_037_r0,board,board_Dmedium_Smedium,13,0.702922312112955,0.6980785406552829,0.6546661349443289,0.6515207886695862,0.8536790609359741,0.8530240379847013,0.6593364202059232,0.6538973977932563,0.5122628830946409,0.5099687622143672,0.9881881475448608,0.9701108336448669
20260709_142627_A_board_Dmedium_Smedium_037_r1,board,board_Dmedium_Smedium,13,0.761321076980004,0.7505463315890386,0.7317811800883367,0.7236168522101182,0.8636850072787359,0.863622798369481,0.6719813163463886,0.6658035791837252,0.6277227012010721,0.6131273003724905,0.9854285717010498,0.9719803012334384
20260709_142627_A_board_Dmedium_Smedium_037_r2,board,board_Dmedium_Smedium,13,0.7265039636538579,0.7345019166286175,0.6929226517677307,0.695582926273346,0.8654527710034297,0.8627368028347309,0.6624423999052781,0.6555141371030074,0.5458975766713803,0.5572082572258436,0.9865503907203674,0.9727508013065045
20260709_142627_A_board_Dmedium_Smedium_037_r3,board,board_Dmedium_Smedium,13,0.7271800545545725,0.7274686143948481,0.702878149656149,0.7024579919301547,0.849647159759815,0.8482595315346351,0.6336515568769895,0.6338003690426166,0.5563264638185501,0.5632587591042886,0.9875501990318298,0.9700682805134699
20260709_142627_A_board_Dmedium_Smedium_037_r4,board,board_Dmedium_Smedium,13,0.7295322372363164,0.7273183923501235,0.7000069251427283,0.6939340371351975,0.8470395253254817,0.8429093039952792,0.6696438216246091,0.6673971597964947,0.5599363297224045,0.5501393561179821,0.9848889112472534,0.9722224519802973
20260709_142627_A_board_Dmedium_Spendant_ref_086_r0,board,board_Dmedium_Spendant_ref,8,0.7466982826590538,0.7491018176078796,0.7562321722507477,0.7575035765767097,0.8362590000033379,0.8309535831212997,0.6511286236345768,0.6271795704960823,0.5663579301908612,0.5629933411255479,0.9904046654701233,0.9865784272551537
20260709_142627_A_board_Dmedium_Spendant_ref_086_r1,board,board_Dmedium_Spendant_ref,8,0.7508925274014473,0.7454144656658173,0.7549688816070557,0.752581037580967,0.854726642370224,0.8495281636714935,0.6470159664750099,0.6237195059657097,0.5727381845936179,0.5578008284792304,0.9950606226921082,0.9858493208885193
20260709_142627_A_board_Dmedium_Spendant_ref_086_r2,board,board_Dmedium_Spendant_ref,8,0.7423778399825096,0.7406596541404724,0.7525236383080482,0.7516177296638489,0.8320812359452248,0.8260219022631645,0.6424137353897095,0.6234898492693901,0.5611207569018006,0.555605648085475,0.9917198419570923,0.9858725965023041
20260709_142627_A_board_Dmedium_Spendant_ref_086_r3,board,board_Dmedium_Spendant_ref,8,0.73365368694067,0.7264856994152069,0.7515002936124802,0.7484742701053619,0.82796860486269,0.8211074247956276,0.6271446608006954,0.616064827889204,0.5382399372756481,0.5340967392548919,0.991521954536438,0.9860437139868736
20260709_142627_A_board_Dmedium_Spendant_ref_086_r4,board,board_Dmedium_Spendant_ref,8,0.7407166436314583,0.7383547127246857,0.7552408501505852,0.7546415850520134,0.8354812413454056,0.8312249705195427,0.6276743710041046,0.6043950244784355,0.5492149386554956,0.538601579144597,0.9913170337677002,0.9857203140854836
20260709_142627_A_board_Dmedium_Sslow_053_r0,board,board_Dmedium_Sslow,16,0.7021667659282684,0.6960068792104721,0.6527438871562481,0.648574523627758,0.8519319593906403,0.8513457700610161,0.6574107576161623,0.6554879620671272,0.5214573992416263,0.5201516756787896,0.9659346342086792,0.9618131890892982
20260709_142627_A_board_Dmedium_Sslow_053_r1,board,board_Dmedium_Sslow,16,0.707102507352829,0.7044823840260506,0.6538119278848171,0.6541343852877617,0.8436047621071339,0.8437636978924274,0.6676151286810637,0.6661274433135986,0.5421446692198515,0.5481224097311497,0.9648550748825073,0.9608356356620789
20260709_142627_A_board_Dmedium_Sslow_053_r2,board,board_Dmedium_Sslow,16,0.6967763714492321,0.6861837096512318,0.6424903348088264,0.6391847021877766,0.8419313877820969,0.8420685604214668,0.6519046109169722,0.6535122003406286,0.5142303663305938,0.5102269537746906,0.9802902936935425,0.9595308750867844
20260709_142627_A_board_Dmedium_Sslow_053_r3,board,board_Dmedium_Sslow,16,0.7019947394728661,0.7055718079209328,0.6588285267353058,0.6601727157831192,0.8522955402731895,0.8515704274177551,0.656596951186657,0.6565919071435928,0.5138857234269381,0.5246923174709082,0.9646669030189514,0.9612316004931927
20260709_142627_A_board_Dmedium_Sslow_053_r4,board,board_Dmedium_Sslow,16,0.7131420038640499,0.71446967497468,0.6648438572883606,0.6622871160507202,0.8542449809610844,0.8531655594706535,0.6900495607405901,0.6844308283179998,0.5435417303815484,0.5355593720450997,0.9517233371734619,0.9656268246471882
20260709_142627_A_board_Dmedium_Svery_slow_005_r0,board,board_Dmedium_Svery_slow,21,0.6676433483759562,0.6631321708361307,0.5899038655417306,0.5897343839917865,0.8427322052773976,0.845366514864422,0.6357107928821019,0.6352064950125558,0.5387805799643198,0.5357472626935869,0.8356646299362183,0.8945344800040835
20260709_142627_A_board_Dmedium_Svery_slow_005_r1,board,board_Dmedium_Svery_slow,21,0.6780536770820618,0.6695864597956339,0.5864366661934626,0.5857367884545099,0.8369087378184,0.8411465287208557,0.6620456633113679,0.6602951458522252,0.563030406123116,0.5578079095908574,0.8618524670600891,0.8971566472734723
20260709_142627_A_board_Dmedium_Svery_slow_005_r2,board,board_Dmedium_Svery_slow,21,0.6642615369388035,0.6572152319408598,0.5828590534982228,0.5821136633555094,0.8355784529731387,0.8392284427370343,0.6244110379900251,0.6238771308036077,0.5327799036389306,0.5280338894753229,0.8561823964118958,0.8958135900043306
20260709_142627_A_board_Dmedium_Svery_slow_005_r3,board,board_Dmedium_Svery_slow,21,0.668453281834012,0.6665528189568293,0.583476532073248,0.5833770206996373,0.8400647469929287,0.8426224078450885,0.6350652320044381,0.6333102754184178,0.5450475677138283,0.5414096173785982,0.8564554452896118,0.8918564376376924
20260709_142627_A_board_Dmedium_Svery_slow_005_r4,board,board_Dmedium_Svery_slow,21,0.6746218374797276,0.6679257807277498,0.58257885490145,0.582548371383122,0.8401867094494048,0.844435487474714,0.6491102008592515,0.650066043649401,0.5509420824902398,0.5494372397661209,0.864182710647583,0.8965709010759989
20260709_142627_A_board_Dvery_light_Sfast_067_r0,board,board_Dvery_light_Sfast,10,0.7277598023414612,0.723446524143219,0.7291705012321472,0.7274929285049438,0.829697984457016,0.8204694390296936,0.6356257051229477,0.6350564688444138,0.5342901378870011,0.5320848613977432,0.9890267848968506,0.9762663006782532
20260709_142627_A_board_Dvery_light_Sfast_067_r1,board,board_Dvery_light_Sfast,10,0.7089255452156067,0.7256415665149689,0.7169621109962463,0.7297011137008667,0.8270408093929291,0.8215985774993897,0.6070469170808792,0.6167250275611877,0.4851808674633503,0.5262318015098572,0.9869648218154907,0.97666836977005
20260709_142627_A_board_Dvery_light_Sfast_067_r2,board,board_Dvery_light_Sfast,10,0.7242788434028625,0.7255361497402191,0.7318067967891693,0.733475387096405,0.8240222096443176,0.8191098093986511,0.6203885853290558,0.6180461764335632,0.5237034276127815,0.530604998767376,0.9890050292015076,0.9775425255298614
20260709_142627_A_board_Dvery_light_Sfast_067_r3,board,board_Dvery_light_Sfast,10,0.7020651638507843,0.703601062297821,0.709227591753006,0.7091305494308472,0.8169505834579468,0.8095755040645599,0.6068494230508804,0.6160939186811447,0.47102606743574144,0.4848966978490353,0.9892513751983643,0.9746512591838836
20260709_142627_A_board_Dvery_light_Sfast_067_r4,board,board_Dvery_light_Sfast,10,0.7253715097904205,0.7221495449543,0.7408039391040802,0.7401991248130798,0.8086761355400085,0.806614363193512,0.6073503404855728,0.6156014204025269,0.525281397998333,0.5233654893934727,0.9901672005653381,0.9752413988113403
20260709_142627_A_board_Dvery_light_Smedium_000_r0,board,board_Dvery_light_Smedium,13,0.6848399180632371,0.6714339027037988,0.6091781304432795,0.6062105802389292,0.8416144481072059,0.8426621189484229,0.6498782909833468,0.6508457041703738,0.533502826323876,0.5239211985698113,0.9353364706039429,0.9402509194154006
20260709_142627_A_board_Dvery_light_Smedium_000_r1,board,board_Dvery_light_Smedium,13,0.6783640568072979,0.6658642108623798,0.6111162946774409,0.6131226787200341,0.8385658676807697,0.8414498292482816,0.6298023576919849,0.6306987886245434,0.5165044436087975,0.5109517528460576,0.9420018196105957,0.9333631029495826
20260709_142627_A_board_Dvery_light_Smedium_000_r2,board,board_Dvery_light_Smedium,13,0.6641234251169058,0.6403006819578317,0.6022633405832144,0.6022580036750207,0.8377396647746747,0.8391703229684097,0.5769897653506353,0.5735050393984868,0.4746644451067998,0.46718217661747563,0.9785277843475342,0.9316403682415302
20260709_142627_A_board_Dvery_light_Smedium_000_r3,board,board_Dvery_light_Smedium,13,0.682854542365441,0.6592213328068073,0.6017314883378836,0.6001255879035363,0.8363100198599008,0.8376111571605389,0.636754437134816,0.6360230904359084,0.5238183152217132,0.5141368703200266,0.986171305179596,0.9373626388036288
20260709_142627_A_board_Dvery_light_Smedium_000_r4,board,board_Dvery_light_Smedium,13,0.6712989486180819,0.6628081248356745,0.6078485754820017,0.6065622201332679,0.8322752439058744,0.8342078557381263,0.6217728165479807,0.6195760369300842,0.5059854755034814,0.5045029486601169,0.9234486222267151,0.9297480995838459
20260709_142627_A_board_Dvery_light_Spendant_ref_035_r0,board,board_Dvery_light_Spendant_ref,8,0.7121068611741066,0.7099201902747154,0.7451267540454865,0.743531234562397,0.798899844288826,0.7922802120447159,0.5845101326704025,0.5828000120818615,0.48993578646332026,0.4891343703493476,0.9939159750938416,0.9820592924952507
20260709_142627_A_board_Dvery_light_Spendant_ref_035_r1,board,board_Dvery_light_Spendant_ref,8,0.7264227569103241,0.7236248403787613,0.7353692799806595,0.7354396432638168,0.7861908450722694,0.7786532267928123,0.6450509317219257,0.637872900813818,0.5403695208951831,0.5304840784519911,0.9931594133377075,0.9834782853722572
20260709_142627_A_board_Dvery_light_Spendant_ref_035_r2,board,board_Dvery_light_Spendant_ref,8,0.7307121753692627,0.7288815006613731,0.7414602562785149,0.7405780032277107,0.8017513304948807,0.795476920902729,0.6381316743791103,0.6332988031208515,0.541033823043108,0.530726526863873,0.99542236328125,0.9813660308718681
20260709_142627_A_board_Dvery_light_Spendant_ref_035_r3,board,board_Dvery_light_Spendant_ref,8,0.7229658141732216,0.721813328564167,0.7396432235836983,0.7395723387598991,0.7994885146617889,0.7968772947788239,0.6201025024056435,0.6122223325073719,0.5232369629666209,0.5171247366815805,0.9932785630226135,0.9816550984978676
20260709_142627_A_board_Dvery_light_Spendant_ref_035_r4,board,board_Dvery_light_Spendant_ref,8,0.709768109023571,0.7112454995512962,0.7241938412189484,0.730562724173069,0.8176411017775536,0.8133132010698318,0.6251457296311855,0.6249199472367764,0.48363098315894604,0.488525134511292,0.9940611720085144,0.983837828040123
20260709_142627_A_board_Dvery_light_Sslow_001_r0,board,board_Dvery_light_Sslow,16,0.6799106076359749,0.6751831322908401,0.6011486724019051,0.5992725789546967,0.8329247683286667,0.83395079895854,0.6641840785741806,0.6601141840219498,0.5534669067710638,0.5530752316117287,0.8796145915985107,0.9080947376787663
20260709_142627_A_board_Dvery_light_Sslow_001_r1,board,board_Dvery_light_Sslow,16,0.6732696443796158,0.6741375736892223,0.5944704450666904,0.5949309207499027,0.8202504590153694,0.8233096785843372,0.6509425677359104,0.6477375291287899,0.5462493319064379,0.5480218175798655,0.8827720284461975,0.90030961856246
20260709_142627_A_board_Dvery_light_Sslow_001_r2,board,board_Dvery_light_Sslow,16,0.6664585210382938,0.6627711765468121,0.5907137468457222,0.5909747965633869,0.8291902281343937,0.8305710479617119,0.6132117807865143,0.6163843665271997,0.5153683694079518,0.5212843315675855,0.8993204832077026,0.8963149450719357
20260709_142627_A_board_Dvery_light_Sslow_001_r3,board,board_Dvery_light_Sslow,16,0.6694681979715824,0.6713652461767197,0.5941723510622978,0.5946134999394417,0.8315428830683231,0.8317287899553776,0.6334965322166681,0.6325656734406948,0.5284120906144381,0.5317320097237825,0.894783616065979,0.8998329751193523
20260709_142627_A_board_Dvery_light_Sslow_001_r4,board,board_Dvery_light_Sslow,16,0.6768670007586479,0.6743625774979591,0.5954451523721218,0.5957359187304974,0.8269831091165543,0.8289937600493431,0.6498597785830498,0.6488347798585892,0.5471189050003886,0.5454983785748482,0.8874351978302002,0.9022733084857464
20260709_142627_A_board_Dvery_light_Svery_slow_043_r0,board,board_Dvery_light_Svery_slow,21,0.6938335384641375,0.6894125115303766,0.6260588083948407,0.6243517058236259,0.8446973505474272,0.8437610183443341,0.6802053252855936,0.6777081305072421,0.5459598175116948,0.5529458494413466,0.9050173163414001,0.9273850633984521
20260709_142627_A_board_Dvery_light_Svery_slow_043_r1,board,board_Dvery_light_Svery_slow,21,0.6639982887676784,0.6623006122452872,0.6113415757815043,0.6107527954237801,0.8247200364158267,0.8276305879865374,0.619527246270861,0.6171663190637316,0.4748735058875311,0.4752450627940042,0.8897647261619568,0.8944816248757499
20260709_142627_A_board_Dvery_light_Svery_slow_043_r2,board,board_Dvery_light_Svery_slow,21,0.6610186497370402,0.6648454779670352,0.6290222179322016,0.6246492720785595,0.8568171603339059,0.8525964220364889,0.609741978702091,0.6087202060790289,0.44818328817685443,0.4612715627465929,0.8598999977111816,0.8852213110242572
20260709_142627_A_board_Dvery_light_Svery_slow_043_r3,board,board_Dvery_light_Svery_slow,21,0.663322042851221,0.6771851267133441,0.627817105679285,0.6245902209054857,0.8638139367103577,0.8597144569669452,0.6373034800801959,0.6362138489882151,0.48171229376679375,0.48585434328942073,0.7839280366897583,0.8633130618504116
20260709_142627_A_board_Dvery_light_Svery_slow_043_r4,board,board_Dvery_light_Svery_slow,21,0.6536810256185985,0.6691618079230899,0.6385948799905323,0.6356383107957386,0.8735318581263224,0.8668740306581769,0.6113018223217556,0.6107099496182942,0.4468496995312827,0.4540014777864729,0.7671122550964355,0.8667344252268473
20260709_142627_A_botangle_Dfirm_Sfast_036_r0,botangle,botangle_Dfirm_Sfast,11,0.7978817332874645,0.7975016019561074,0.823213745247234,0.8161729574203491,0.8909229040145874,0.8839772343635559,0.649539050730792,0.6286128596826033,0.6484228304841302,0.6423741450363939,0.9867989420890808,0.9939925616437738
20260709_142627_A_botangle_Dfirm_Sfast_036_r1,botangle,botangle_Dfirm_Sfast,11,0.7851080948656256,0.7941951155662537,0.8028380545702848,0.7993632338263772,0.8864921493963762,0.8804661306467924,0.6489103030074727,0.6327357725663618,0.628074287013574,0.633527247743173,0.9910615086555481,0.9934592030265115
20260709_142627_A_botangle_Dfirm_Sfast_036_r2,botangle,botangle_Dfirm_Sfast,11,0.799546707760204,0.8045861124992371,0.8228133158250288,0.8162359378554604,0.9000845822420988,0.892002674666318,0.6432234807447954,0.6373197707262906,0.6434909498149698,0.6495598385279829,0.996094286441803,0.9940033988519148
20260709_142627_A_botangle_Dfirm_Sfast_036_r3,botangle,botangle_Dfirm_Sfast,11,0.7989650206132368,0.805117282000455,0.8196233998645436,0.8139639334245161,0.8951489220965992,0.8882084326310591,0.652552910826423,0.6355378763242201,0.652594302865592,0.6550266376950524,0.989845871925354,0.9938080581751737
20260709_142627_A_botangle_Dfirm_Sfast_036_r4,botangle,botangle_Dfirm_Sfast,11,0.7991395701061595,0.7984785491769965,0.8199284185062755,0.8150456060062755,0.8995312994176691,0.8916581381451,0.6453515453772112,0.639025395566767,0.6468647962266748,0.6442114331505515,0.9924415349960327,0.99377901987596
20260709_142627_A_botangle_Dfirm_Smedium_084_r0,botangle,botangle_Dfirm_Smedium,14,0.8176706092698234,0.8241643905639648,0.8249789816992623,0.8198264879839761,0.866886134658541,0.8678508145468575,0.6872494582618985,0.6837775536945888,0.7113030709858451,0.7044023413743291,0.9902703166007996,0.9934120007923671
20260709_142627_A_botangle_Dfirm_Smedium_084_r1,botangle,botangle_Dfirm_Smedium,14,0.8218914014952523,0.8265555628708431,0.8218373741422381,0.8163815311023167,0.8827681073120662,0.8842002749443054,0.6925346681049892,0.6934866564614433,0.7166239257369723,0.7044953408518008,0.9915556311607361,0.9933999223368508
20260709_142627_A_botangle_Dfirm_Smedium_084_r2,botangle,botangle_Dfirm_Smedium,14,0.8179296595709664,0.8251921023641314,0.8224276602268219,0.8175212783472878,0.8651221479688372,0.866055007491793,0.6921075007745198,0.6907984976257596,0.713118778275592,0.7062818312219211,0.9941197633743286,0.9932180302483695
20260709_142627_A_botangle_Dfirm_Smedium_084_r3,botangle,botangle_Dfirm_Smedium,14,0.8178394777434213,0.8258578819887978,0.8245947148118701,0.8203793593815395,0.8674388059547969,0.8688740261963436,0.6872301208121436,0.6869099416903087,0.7091187749590192,0.7062079422175884,0.9928674697875977,0.9932162591389248
20260709_142627_A_botangle_Dfirm_Smedium_084_r4,botangle,botangle_Dfirm_Smedium,14,0.8154573781149728,0.8226195871829987,0.8238146049635751,0.8185837141105107,0.866987305028098,0.8678885783467974,0.6797981113195419,0.6805250367947987,0.7034344055822918,0.6987547911703587,0.9930453300476074,0.9932550873075213
20260709_142627_A_botangle_Dfirm_Spendant_ref_050_r0,botangle,botangle_Dfirm_Spendant_ref,9,0.7860934933026632,0.7932927939626906,0.8186330265469022,0.8159503738085429,0.854376839266883,0.8493224581082662,0.6540054546462165,0.642901211977005,0.628380278746287,0.6175776032937897,0.9846638441085815,0.9954357279671563
20260709_142627_A_botangle_Dfirm_Spendant_ref_050_r1,botangle,botangle_Dfirm_Spendant_ref,9,0.7822814583778381,0.7852868768903944,0.8177631629837884,0.813203407658471,0.8534016542964511,0.8484121097458733,0.6416153113047282,0.6213924884796143,0.617363364332252,0.6126887661715349,0.9903618693351746,0.9958616230222914
20260709_142627_A_botangle_Dfirm_Spendant_ref_050_r2,botangle,botangle_Dfirm_Spendant_ref,9,0.7803266512023078,0.7843765417734782,0.8168329265382555,0.8129181795650058,0.8527079158359103,0.8468053672048781,0.639909952878952,0.6204996572600471,0.61639996452464,0.611716427322891,0.9820033311843872,0.9958581924438477
20260709_142627_A_botangle_Dfirm_Spendant_ref_050_r3,botangle,botangle_Dfirm_Spendant_ref,9,0.7835293942027621,0.7900890443060133,0.8181596729490492,0.8142301638921102,0.8520652850468954,0.8504137198130289,0.6493394871552786,0.6251924534638723,0.6248204755700297,0.6192911172078716,0.9841688871383667,0.9960434039433798
20260709_142627_A_botangle_Dfirm_Spendant_ref_050_r4,botangle,botangle_Dfirm_Spendant_ref,9,0.7868448297182719,0.7917669349246554,0.8172306683328416,0.8126504023869833,0.8553146123886108,0.8494868410958184,0.6581676238112979,0.6347928808795081,0.6324677815039953,0.6245702008406321,0.9835219383239746,0.9959153201844957
20260709_142627_A_botangle_Dfirm_Sslow_023_r0,botangle,botangle_Dfirm_Sslow,18,0.8165833055973053,0.8188738889164395,0.808228012588289,0.7983946237299178,0.8929693235291375,0.8936349683337741,0.6772243049409654,0.6759136468172073,0.7143867661555608,0.7057806307242976,0.9919870495796204,0.9920371605290307
20260709_142627_A_botangle_Dfirm_Sslow_023_r1,botangle,botangle_Dfirm_Sslow,18,0.8156992859310574,0.8095628188716041,0.8100830813248953,0.7960771454705132,0.8879937297768064,0.8900918530093299,0.6647929896910986,0.6637844211525388,0.7188697341415617,0.6966998411549462,0.995166540145874,0.9913444850179884
20260709_142627_A_botangle_Dfirm_Sslow_023_r2,botangle,botangle_Dfirm_Sslow,18,0.7476372354560428,0.7461577753225962,0.7380860447883606,0.7322509951061673,0.8661429087320963,0.8675914274321662,0.6231253660387464,0.6214715722534392,0.5792889669537544,0.5622965641733673,0.996804416179657,0.99045639567905
20260709_142627_A_botangle_Dfirm_Sslow_023_r3,botangle,botangle_Dfirm_Sslow,18,0.8066345916854011,0.8045668568876054,0.793878263897366,0.7837361991405487,0.8870963586701287,0.8887377149528928,0.6727661987145742,0.6729166739516788,0.6959420144557953,0.6839501872244809,0.9986199140548706,0.9915110203954909
20260709_142627_A_botangle_Dfirm_Sslow_023_r4,botangle,botangle_Dfirm_Sslow,18,0.8225497702757517,0.8140754633479648,0.8157840967178345,0.8015708525975546,0.8921680616007911,0.891918463839425,0.6816466185781691,0.6784885923067728,0.7266952627234988,0.7016484151697822,0.9999673962593079,0.9915194809436798
20260709_142627_A_botangle_Dfirm_Svery_slow_071_r0,botangle,botangle_Dfirm_Svery_slow,24,0.7698235909144083,0.7791686827937762,0.7343465959032377,0.7324777022004128,0.885244739552339,0.8866122116645178,0.6935087355474631,0.6917032947142919,0.6319525899986426,0.6360041247680783,0.9935339689254761,0.9887527450919151
20260709_142627_A_botangle_Dfirm_Svery_slow_071_r1,botangle,botangle_Dfirm_Svery_slow,24,0.7724034388860067,0.773737832903862,0.7311858038107554,0.7251313428084055,0.8824231127897898,0.8836306855082512,0.6964716973404089,0.6926153128345808,0.6447266053097943,0.6280475106711189,0.9951440095901489,0.9889583537975947
20260709_142627_A_botangle_Dfirm_Svery_slow_071_r2,botangle,botangle_Dfirm_Svery_slow,24,0.7940875266989073,0.7893683786193529,0.7617644791801771,0.7516666005055109,0.8847417657574018,0.8861475239197413,0.6899856397261223,0.6883802662293116,0.6872894217570623,0.6692655996109048,0.9949982762336731,0.9888764744003614
20260709_142627_A_botangle_Dfirm_Svery_slow_071_r3,botangle,botangle_Dfirm_Svery_slow,24,0.7505721872051557,0.7516515031456947,0.7148572032650312,0.7090843121210734,0.8810590480764707,0.8832198133071264,0.6633320401112238,0.6623001545667648,0.5960140575965246,0.581009233991305,0.9935505986213684,0.9886198937892914
20260709_142627_A_botangle_Dfirm_Svery_slow_071_r4,botangle,botangle_Dfirm_Svery_slow,24,0.7681514943639437,0.7712471013267835,0.7334614992141724,0.7267939324180285,0.8821726640065511,0.8843425065279007,0.6831809009114901,0.681217897683382,0.6313005435125282,0.6143717716137568,0.9966552257537842,0.9892938931783041
20260709_142627_A_botangle_Dlight_Sfast_083_r0,botangle,botangle_Dlight_Sfast,11,0.7937441143122587,0.7934349937872454,0.8097948973829096,0.8021359660408713,0.8727674700997092,0.8691524809057062,0.6567275767976587,0.6379261748357252,0.6545663415031,0.6477390642870556,0.9870126843452454,0.9928497672080994
20260709_142627_A_botangle_Dlight_Sfast_083_r1,botangle,botangle_Dlight_Sfast,11,0.7792014858939431,0.786300469528545,0.7910053133964539,0.7875349521636963,0.8631245548074896,0.8589403900233182,0.6546782011335547,0.6367198906161569,0.6283933852206577,0.6243921328674663,0.9899708032608032,0.99308396469463
20260709_142627_A_botangle_Dlight_Sfast_083_r2,botangle,botangle_Dlight_Sfast,11,0.7890238924459978,0.7857863036069003,0.802876510403373,0.7971135161139749,0.8649555878205732,0.8612260926853527,0.6493793753060427,0.6334980401125822,0.6509464979171753,0.6396076266061176,0.9921075701713562,0.9930456226522272
20260709_142627_A_botangle_Dlight_Sfast_083_r3,botangle,botangle_Dlight_Sfast,11,0.7889636213129217,0.7900795557282188,0.8112348263913934,0.8072134527293119,0.874222603711215,0.8690338080579584,0.6401312838901173,0.621539441022006,0.6403292756189,0.6406966678120873,0.9867622256278992,0.9931130300868641
20260709_142627_A_botangle_Dlight_Sfast_083_r4,botangle,botangle_Dlight_Sfast,11,0.7881560542366721,0.7894807891412214,0.8028684475205161,0.7992440462112427,0.8754442767663435,0.8684556971896779,0.662794067101045,0.6449432210488752,0.6363113624128428,0.628123175014149,0.9853217005729675,0.9933902187780901
20260709_142627_A_botangle_Dlight_Smedium_028_r0,botangle,botangle_Dlight_Smedium,14,0.8103040286472866,0.8176760801247188,0.8241298794746399,0.819699593952724,0.8851785659790039,0.8830018596989768,0.6576127260923386,0.6605262692485537,0.6856628028409821,0.6910185867122242,0.992229700088501,0.9914630736623492
20260709_142627_A_botangle_Dlight_Smedium_028_r1,botangle,botangle_Dlight_Smedium,14,0.814879332269941,0.8200368114880153,0.824220346552985,0.8192111509186881,0.867854539837156,0.8660823787961688,0.6828139530760902,0.6834935077599117,0.7047432490757534,0.7013488784432411,0.9903371334075928,0.9914333990642002
20260709_142627_A_botangle_Dlight_Smedium_028_r2,botangle,botangle_Dlight_Smedium,14,0.8108138356889997,0.8167239427566528,0.8228137152535575,0.8174275798457009,0.8674828623022351,0.8661592475005558,0.6701160371303558,0.6717423328331539,0.693597919174603,0.6958847264094012,0.9933409094810486,0.9912392667361668
20260709_142627_A_botangle_Dlight_Smedium_028_r3,botangle,botangle_Dlight_Smedium,14,0.815780256475721,0.8218226305076054,0.8220559230872563,0.817212679556438,0.8654571388448987,0.864801253591265,0.688948182123048,0.6898408723728997,0.709756386067186,0.7060664109885693,0.9904404282569885,0.9917313839708056
20260709_142627_A_botangle_Dlight_Smedium_028_r4,botangle,botangle_Dlight_Smedium,14,0.8006024360656738,0.8040288388729095,0.8039805591106415,0.7978392626558032,0.8638360032013485,0.8631036409309932,0.6684174558946064,0.6712320702416557,0.681706503033638,0.6746966317296028,0.9920846223831177,0.9914197623729706
20260709_142627_A_botangle_Dlight_Spendant_ref_075_r0,botangle,botangle_Dlight_Spendant_ref,9,0.7813378903600905,0.7844360073407491,0.8164861732059054,0.8131443394554986,0.8538892865180969,0.8464469710985819,0.6435247129864163,0.6195063392321268,0.6204300089221861,0.619373929583364,0.9837930202484131,0.994894438319736
20260709_142627_A_botangle_Dlight_Spendant_ref_075_r1,botangle,botangle_Dlight_Spendant_ref,9,0.7843700978491042,0.7860125833087497,0.818413688076867,0.8148429791132609,0.8547550638516744,0.8471558822525872,0.6498406363858117,0.6244468258486854,0.6249328952075707,0.6242804788053036,0.9882701635360718,0.9949612617492676
20260709_142627_A_botangle_Dlight_Spendant_ref_075_r2,botangle,botangle_Dlight_Spendant_ref,9,0.7834454245037503,0.7875762383143107,0.8190905716684129,0.8152201771736145,0.8524428142441643,0.8473486569192674,0.6483977172109816,0.6245900491873423,0.6217093162445558,0.6238521391318904,0.986373245716095,0.994894802570343
20260709_142627_A_botangle_Dlight_Spendant_ref_075_r3,botangle,botangle_Dlight_Spendant_ref,9,0.7863089111116197,0.7889186011420356,0.820054829120636,0.8155790302488539,0.8536455498801337,0.8485601875517104,0.6555028855800629,0.6320542461342282,0.6302654825978808,0.6287984384430779,0.9839476943016052,0.9950359993510776
20260709_142627_A_botangle_Dlight_Spendant_ref_075_r4,botangle,botangle_Dlight_Spendant_ref,9,0.7853481305970086,0.7910690373844571,0.8190077410803901,0.8134420646561517,0.8526327543788486,0.8464300102657742,0.6536665625042386,0.6414146953158908,0.6278793259213368,0.6245558075606823,0.9840751886367798,0.9941848847601149
20260709_142627_A_botangle_Dlight_Sslow_090_r0,botangle,botangle_Dlight_Sslow,18,0.7802236378192902,0.7860267559687296,0.7743619249926673,0.7681603100564744,0.8879628082116445,0.8881713251272837,0.6492288360993067,0.6472192158301672,0.6378200683328841,0.6329383725921313,0.9915856122970581,0.9901310006777445
20260709_142627_A_botangle_Dlight_Sslow_090_r1,botangle,botangle_Dlight_Sslow,18,0.8061470190684,0.8018750482135348,0.7847537365224626,0.7713344229592217,0.8821887407037947,0.8857030702961816,0.6788195305400424,0.677456044488483,0.7105348408222198,0.691808319133189,0.999005913734436,0.9895504415035248
20260709_142627_A_botangle_Dlight_Sslow_090_r2,botangle,botangle_Dlight_Sslow,18,0.8047905696762933,0.8064819408787621,0.7963748011324141,0.788594428035948,0.8851172890928056,0.8867073522673713,0.6656602736976411,0.6653313769234551,0.6920557585027483,0.6858503003087308,0.998887836933136,0.990389863650004
20260709_142627_A_botangle_Dlight_Sslow_090_r3,botangle,botangle_Dlight_Sslow,18,0.8069466981622908,0.8140301638179355,0.8022729655106863,0.7962693605158064,0.8873383402824402,0.888761493894789,0.6744424849748611,0.6730694539017148,0.6927641787462764,0.6975805962251292,0.998076856136322,0.9903188414043851
20260709_142627_A_botangle_Dlight_Sslow_090_r4,botangle,botangle_Dlight_Sslow,18,0.815786878267924,0.8155417607890235,0.8116069303618537,0.8038250539037917,0.8835257490475973,0.8834916121429868,0.6836068911684884,0.6758476396401724,0.7131991700993644,0.7005245470338397,0.9986621141433716,0.9903840919335684
20260709_142627_A_botangle_Dlight_Svery_slow_038_r0,botangle,botangle_Dlight_Svery_slow,24,0.7944226935505867,0.7905898516376814,0.7788835316896439,0.7684387117624283,0.8815010314186414,0.8855412428577741,0.670451283454895,0.6685844113429388,0.6897186702505375,0.6693855930740634,0.9785547256469727,0.988224022090435
20260709_142627_A_botangle_Dlight_Svery_slow_038_r1,botangle,botangle_Dlight_Svery_slow,24,0.7594155818223953,0.7462406282623609,0.7127604708075523,0.7028878529866537,0.874124601483345,0.879120854039987,0.6833158868054549,0.6827671776215235,0.6303204801709702,0.6031030916298429,0.9907149076461792,0.9875920712947845
20260709_142627_A_botangle_Dlight_Svery_slow_038_r2,botangle,botangle_Dlight_Svery_slow,24,0.7951139137148857,0.7846164753039678,0.765532985329628,0.7549943973620733,0.8807144736250242,0.8827426557739576,0.6839254771669706,0.6823414973914623,0.6937601951261362,0.6693296735174954,0.9947755932807922,0.9874526485800743
20260709_142627_A_botangle_Dlight_Svery_slow_038_r3,botangle,botangle_Dlight_Svery_slow,24,0.7751447384556135,0.781353863577048,0.7433609987298647,0.7384133810798327,0.8849920704960823,0.8848965068658193,0.6894081172843775,0.6880021517475446,0.6442529710087305,0.637083513662219,0.9927698373794556,0.9879659016927084
20260709_142627_A_botangle_Dlight_Svery_slow_038_r4,botangle,botangle_Dlight_Svery_slow,24,0.7806484177708626,0.7790564373135567,0.7486622010668119,0.7437098125616709,0.8834995577732722,0.8835127900044123,0.693417739123106,0.6890154480934143,0.6577741910393039,0.6409078162784377,0.9916203618049622,0.9876512711246809
20260709_142627_A_botangle_Dmedium_Sfast_073_r0,botangle,botangle_Dmedium_Sfast,11,0.8022277897054498,0.807962650602514,0.8236125003207814,0.8182914690537886,0.8632534417239103,0.8596443371339277,0.6777812296693976,0.6608785607598044,0.6729585399681871,0.6718945144252344,0.985837996006012,0.9939066876064647
20260709_142627_A_botangle_Dmedium_Sfast_073_r1,botangle,botangle_Dmedium_Sfast,11,0.8022360151464288,0.8096586249091409,0.8241875550963662,0.8194691701368852,0.8611795035275546,0.8569772676988081,0.6786310320550745,0.6612805344841697,0.6718145310878754,0.6699543514034965,0.9857306480407715,0.993922705000097
20260709_142627_A_botangle_Dmedium_Sfast_073_r2,botangle,botangle_Dmedium_Sfast,11,0.8043325218287382,0.8102526556361805,0.8236405415968462,0.8176049481738697,0.8619363741441206,0.8584403395652771,0.6855181726542386,0.6666747765107588,0.678080327808857,0.6739576729861173,0.9852263331413269,0.993704850023443
20260709_142627_A_botangle_Dmedium_Sfast_073_r3,botangle,botangle_Dmedium_Sfast,11,0.8035585934465582,0.8076359629631042,0.823549975048412,0.8180656270547346,0.861563655463132,0.858351241458546,0.6823458265174519,0.6646139404990457,0.6748197827149521,0.6691831384192813,0.9864509105682373,0.9941019795157693
20260709_142627_A_botangle_Dmedium_Sfast_073_r4,botangle,botangle_Dmedium_Sfast,11,0.8102547959847883,0.8151183290915056,0.8244550769979303,0.8197853836146268,0.8620358922264793,0.8571759950030934,0.7048032879829407,0.6866175857457247,0.6931667185642503,0.6831759038296613,0.9847248792648315,0.9939917651089755
20260709_142627_A_botangle_Dmedium_Smedium_017_r0,botangle,botangle_Dmedium_Smedium,14,0.8177366384438106,0.8250074131148202,0.8117685616016388,0.8058809467724392,0.892360657453537,0.8894902680601392,0.7006952549730029,0.6949009427002498,0.7087814488581249,0.703292103484273,0.9971681237220764,0.9911370958600726
20260709_142627_A_botangle_Dmedium_Smedium_017_r1,botangle,botangle_Dmedium_Smedium,14,0.822565210717065,0.8242034273488181,0.8198978432587215,0.8127861108098712,0.8901851262365069,0.8873207696846553,0.6899508663586208,0.686716086098126,0.717648589185306,0.7103928026876279,0.9965931177139282,0.9914883588041578
20260709_142627_A_botangle_Dmedium_Smedium_017_r2,botangle,botangle_Dmedium_Smedium,14,0.8278683338846479,0.8290704701628003,0.8238994436604636,0.8156369541372571,0.8927593146051679,0.8897783500807626,0.7060883981840951,0.7007066862923759,0.7279070764780045,0.7176833610449519,0.9935463666915894,0.9916666618415287
20260709_142627_A_botangle_Dmedium_Smedium_017_r3,botangle,botangle_Dmedium_Smedium,14,0.822860871042524,0.8244162457329887,0.8238265982695988,0.8148968602929797,0.8935550834451403,0.8896505747522626,0.6887556867940086,0.6829194469111306,0.7143667861819267,0.7094511575996876,0.9959761500358582,0.9914849741118295
20260709_142627_A_botangle_Dmedium_Smedium_017_r4,botangle,botangle_Dmedium_Smedium,14,0.8244201370647976,0.8270957725388663,0.8219431681292397,0.8136893893991198,0.892592511006764,0.8891697994300297,0.6964755952358246,0.6911286967141288,0.7219679930380413,0.7143590607281242,0.9957668781280518,0.9913166803973061
20260709_142627_A_botangle_Dmedium_Spendant_ref_096_r0,botangle,botangle_Dmedium_Spendant_ref,9,0.7814035084512498,0.7775925861464607,0.8137635522418551,0.8076864083607992,0.8715231087472703,0.8650560246573554,0.6383258899052938,0.6152978771262698,0.6191089594115814,0.6133351715074645,0.9816470742225647,0.9948390060000949
20260709_142627_A_botangle_Dmedium_Spendant_ref_096_r1,botangle,botangle_Dmedium_Spendant_ref,9,0.7870073782073127,0.7944152355194092,0.8140845762358772,0.8085737824440002,0.8730065027872721,0.8675752017233107,0.6530760758452945,0.6267051266299354,0.6317245424207714,0.6397077971034579,0.9824778437614441,0.9951479964786105
20260709_142627_A_botangle_Dmedium_Spendant_ref_096_r2,botangle,botangle_Dmedium_Spendant_ref,9,0.7816553314526876,0.7857610914442275,0.8194458550877042,0.8191474146313138,0.879815955956777,0.8762106895446777,0.6330768333541023,0.6233499315049913,0.611114863306284,0.6148472130298615,0.9841533899307251,0.9941992627249824
20260709_142627_A_botangle_Dmedium_Spendant_ref_096_r3,botangle,botangle_Dmedium_Spendant_ref,9,0.7835540042983161,0.7929933600955539,0.8189978864457872,0.8137799170282152,0.8790094918674893,0.8740165564748976,0.639299170838462,0.6152747538354661,0.6169391827036937,0.6283942378229566,0.982239305973053,0.9947766794098748
20260709_142627_A_botangle_Dmedium_Spendant_ref_096_r4,botangle,botangle_Dmedium_Spendant_ref,9,0.7775168087747362,0.7791974544525146,0.8113064368565878,0.8116069899664985,0.8495474788877699,0.8413166602452596,0.6496326360437605,0.6493498351838853,0.6126171491212316,0.6132357352309756,0.9846391677856445,0.9937113722165426
20260709_142627_A_botangle_Dmedium_Sslow_002_r0,botangle,botangle_Dmedium_Sslow,18,0.7941563957267337,0.7874134878317515,0.7651843825976054,0.7536884513166215,0.8756647043757968,0.8773530920346578,0.679651548465093,0.6806014908684624,0.6886101486161351,0.6610252699918218,0.9992774724960327,0.985966122812695
20260709_142627_A_botangle_Dmedium_Sslow_002_r1,botangle,botangle_Dmedium_Sslow,18,0.7612822122044034,0.7801531520154741,0.7181136641237471,0.7230216860771179,0.8748544587029351,0.8762396176656088,0.693141735262341,0.6910141557455063,0.6221845981975397,0.6314569268789556,0.9986972808837891,0.9861531456311544
20260709_142627_A_botangle_Dmedium_Sslow_002_r2,botangle,botangle_Dmedium_Sslow,18,0.7582477927207947,0.769187311331431,0.7191087636682723,0.7175255086686876,0.874337825510237,0.8748718996842703,0.6813243130842844,0.6825241612063514,0.6101735405779133,0.6066529291371504,0.9991458654403687,0.9864320622550117
20260709_142627_A_botangle_Dmedium_Sslow_002_r3,botangle,botangle_Dmedium_Sslow,18,0.7818091942204369,0.7808547582891252,0.7570240067111121,0.7502839598390791,0.8748061524497138,0.8753114309575822,0.660874088605245,0.6636718495024575,0.6618225756618712,0.6539667716456784,0.9931501150131226,0.9872640205754174
20260709_142627_A_botangle_Dmedium_Sslow_002_r4,botangle,botangle_Dmedium_Sslow,18,0.7806170715226067,0.7744364572895898,0.7524232367674509,0.7421280046304067,0.8768755826685164,0.8768159912692176,0.6759935965140661,0.6770399825440513,0.6563274658595523,0.6320307412081294,0.9940291047096252,0.9863950974411435
20260709_142627_A_botangle_Dmedium_Svery_slow_068_r0,botangle,botangle_Dmedium_Svery_slow,24,0.7779417484998703,0.7801365330815315,0.7397120743989944,0.7376126348972321,0.8877895077069601,0.8890483578046163,0.6893326019247373,0.6845716324945291,0.6525048725306988,0.6558944604670008,0.9959737062454224,0.9874049921830496
20260709_142627_A_botangle_Dmedium_Svery_slow_068_r1,botangle,botangle_Dmedium_Svery_slow,24,0.7757715930541357,0.7713724598288536,0.7386814678708712,0.7303154493371645,0.8835135872165362,0.8851351588964462,0.6853646809856097,0.6819652604560057,0.649275412162145,0.6298563483481606,0.9944452047348022,0.9869935636719068
20260709_142627_A_botangle_Dmedium_Svery_slow_068_r2,botangle,botangle_Dmedium_Svery_slow,24,0.7691814800103506,0.771723618110021,0.7347135146458944,0.7313889488577843,0.8855020130674044,0.8843117753664652,0.6802500585714976,0.6766839449604353,0.6292128575344881,0.631606672424823,0.9935204982757568,0.9865842734773954
20260709_142627_A_botangle_Dmedium_Svery_slow_068_r3,botangle,botangle_Dmedium_Svery_slow,24,0.7518216768900553,0.7516243134935697,0.7155489002664884,0.709363599618276,0.8801880603035291,0.8814798519015312,0.6781607990463575,0.6740936997036139,0.6076172217726707,0.5939611398304502,0.9645560383796692,0.9860076829791069
20260709_142627_A_botangle_Dmedium_Svery_slow_068_r4,botangle,botangle_Dmedium_Svery_slow,24,0.7638271252314249,0.7613321120540301,0.7313007290164629,0.7254339084029198,0.8837221190333366,0.8835566664735476,0.6713965833187103,0.6669559739530087,0.6197729744017124,0.6087944676789144,0.9907052516937256,0.9860495006044706
20260709_142627_A_botangle_Dvery_light_Sfast_026_r0,botangle,botangle_Dvery_light_Sfast,11,0.8007131598212502,0.808393581347032,0.8225073868578131,0.8192533471367576,0.8609301176938143,0.8551031351089478,0.6735929467461326,0.6595403741706501,0.6691213869913057,0.6752540773966096,0.9876745343208313,0.9929044842720032
20260709_142627_A_botangle_Dvery_light_Sfast_026_r1,botangle,botangle_Dvery_light_Sfast,11,0.802973904392936,0.8098166584968567,0.8252507123080167,0.8221027851104736,0.8612632859836925,0.8559247092767195,0.6789384294639934,0.6612026420506564,0.673282884738662,0.6747432384978641,0.9892011880874634,0.9934074228460138
20260709_142627_A_botangle_Dvery_light_Sfast_026_r2,botangle,botangle_Dvery_light_Sfast,11,0.8013549934733998,0.8082275824113325,0.8238532488996332,0.8195906335657294,0.8609805594791066,0.8560622388666327,0.6795227500525388,0.6632189994508569,0.6722637824714184,0.67273664068092,0.9853687882423401,0.9930459694428877
20260709_142627_A_botangle_Dvery_light_Sfast_026_r3,botangle,botangle_Dvery_light_Sfast,11,0.8055572563951666,0.8122777559540488,0.8213392496109009,0.8183408758857034,0.8599278926849365,0.855040349743583,0.6915858523412184,0.6758331250060688,0.6851543506438081,0.6839824400164864,0.9841392040252686,0.9933406710624695
20260709_142627_A_botangle_Dvery_light_Sfast_026_r4,botangle,botangle_Dvery_light_Sfast,11,0.803158082745292,0.80884342843836,0.8233145041899248,0.8200630112127825,0.8608383102850481,0.8554678180000999,0.6809165288101543,0.6667336631904949,0.6746440956538374,0.674810378388925,0.9915613532066345,0.9931587035005743
20260709_142627_A_botangle_Dvery_light_Smedium_064_r0,botangle,botangle_Dvery_light_Smedium,14,0.8122279260839734,0.8149922362395695,0.8110753042357308,0.8053501546382904,0.8831650614738464,0.8804471109594617,0.6933378577232361,0.6799904959542411,0.7000970361488206,0.6873119696974754,0.998569905757904,0.9903732793671745
20260709_142627_A_botangle_Dvery_light_Smedium_064_r1,botangle,botangle_Dvery_light_Smedium,14,0.8119984907763345,0.8136981172221047,0.8129483376230512,0.8069550735609872,0.8778460621833801,0.8734966005597796,0.6945312087024961,0.6815808692148754,0.6973421382052558,0.6822894545538085,0.9962018728256226,0.9906904016222272
20260709_142627_A_botangle_Dvery_light_Smedium_064_r2,botangle,botangle_Dvery_light_Smedium,14,0.8128979078360966,0.8143376452582223,0.8091822905199868,0.8020738192967006,0.882924314056124,0.8810067858014788,0.694054650408881,0.6813035649912698,0.7021663306014878,0.6924875942724091,0.9923540353775024,0.9902121211801257
20260709_142627_A_botangle_Dvery_light_Smedium_064_r3,botangle,botangle_Dvery_light_Smedium,14,0.8111504912376404,0.8123617768287659,0.8080457874706813,0.8012657250676837,0.8780732027121952,0.8747464290687016,0.6956400211368289,0.6825033255985805,0.6995532533952168,0.6858391644699233,0.9932580590248108,0.9902134537696838
20260709_142627_A_botangle_Dvery_light_Smedium_064_r4,botangle,botangle_Dvery_light_Smedium,14,0.806232179914202,0.807124240057809,0.8110146309648242,0.8056681709630149,0.8814064008849007,0.8782402489866529,0.676197003040995,0.6627052192177091,0.6848586925438472,0.6738985457590648,0.9932209253311157,0.991130143404007
20260709_142627_A_botangle_Dvery_light_Spendant_ref_078_r0,botangle,botangle_Dvery_light_Spendant_ref,9,0.7747911148601108,0.7771522402763367,0.8118542167875502,0.8073298070165846,0.8495040999518501,0.8447574906879001,0.6343557470374637,0.6116402579678429,0.609416700899601,0.6110764311419593,0.9839789271354675,0.9938941796620687
20260709_142627_A_botangle_Dvery_light_Spendant_ref_078_r1,botangle,botangle_Dvery_light_Spendant_ref,9,0.7813937995168898,0.7871891922420926,0.8172086675961813,0.8128408988316854,0.8580349882443746,0.8519357376628451,0.6463677287101746,0.6192174487643771,0.6144409262471728,0.6226338495810827,0.9857730269432068,0.9944960806104872
20260709_142627_A_botangle_Dvery_light_Spendant_ref_078_r2,botangle,botangle_Dvery_light_Spendant_ref,9,0.782914506064521,0.7835535738203261,0.8197921382056342,0.8139595455593533,0.8656474815474616,0.8574767775005765,0.6399460070663028,0.6176373859246572,0.6123023728529612,0.6147306387623152,0.9946327805519104,0.9946037729581197
20260709_142627_A_botangle_Dvery_light_Spendant_ref_078_r3,botangle,botangle_Dvery_light_Spendant_ref,9,0.7772653367784288,0.7782376276122199,0.8120881385273404,0.8079023626115587,0.8511354194747077,0.8462314407030741,0.6434021923277113,0.6220716469817691,0.61582779387633,0.6179191652271483,0.9857586622238159,0.9940553241305881
20260709_142627_A_botangle_Dvery_light_Spendant_ref_078_r4,botangle,botangle_Dvery_light_Spendant_ref,9,0.7738760775989957,0.76354937420951,0.815154062377082,0.8089441921975877,0.8587582243813409,0.853303439087338,0.6273323595523834,0.6025745040840573,0.5970855458743043,0.5767290865381559,0.9820979237556458,0.994269159105089
20260709_142627_A_botangle_Dvery_light_Sslow_099_r0,botangle,botangle_Dvery_light_Sslow,18,0.8185737629731497,0.8242694702413347,0.8106791410181258,0.8050583733452691,0.8814967075983683,0.8834619919459025,0.6901599615812302,0.6928610139422946,0.719635832330419,0.7148131997221046,0.9998497366905212,0.9903096622890897
20260709_142627_A_botangle_Dvery_light_Sslow_099_r1,botangle,botangle_Dvery_light_Sslow,18,0.811781644821167,0.8217530846595764,0.8036573694811927,0.7992722226513757,0.8817513518863254,0.8835262291961246,0.6879559192392561,0.6905445688300662,0.7061369874411159,0.7051755479640431,0.9964707493782043,0.9909568197197385
20260709_142627_A_botangle_Dvery_light_Sslow_099_r2,botangle,botangle_Dvery_light_Sslow,18,0.8209029800362058,0.8295641243457794,0.8081003328164419,0.805460254351298,0.8810801969634162,0.8841416736443838,0.6991994927326838,0.7007352544201745,0.7305873237136338,0.7303659009436766,0.9963119029998779,0.9905671179294586
20260709_142627_A_botangle_Dvery_light_Sslow_099_r3,botangle,botangle_Dvery_light_Sslow,18,0.8138968878322177,0.8209121889538236,0.8004337317413754,0.7952158715989854,0.8828355371952057,0.8844419254197015,0.695262547996309,0.6976416127549278,0.7124128035373158,0.7063180336521732,0.9993700981140137,0.9905220799975925
20260709_142627_A_botangle_Dvery_light_Sslow_099_r4,botangle,botangle_Dvery_light_Sslow,18,0.8185826308197446,0.8239329854647318,0.812480198012458,0.8061518867810568,0.8843384881814321,0.8846626910898421,0.6895028865999646,0.6933467321925693,0.7196997238142002,0.7116197198629379,0.9974043369293213,0.9906894266605377
20260709_142627_A_botangle_Dvery_light_Svery_slow_024_r0,botangle,botangle_Dvery_light_Svery_slow,24,0.7578891441226006,0.7582243954141935,0.7211382662256559,0.7180440599719683,0.8817480976382891,0.8828216642141342,0.6685405236979326,0.6656420553723971,0.6167502837876478,0.6203542932247122,0.9964098334312439,0.9850934073328972
20260709_142627_A_botangle_Dvery_light_Svery_slow_024_r1,botangle,botangle_Dvery_light_Svery_slow,24,0.7683097347617149,0.767827607691288,0.7244708463549614,0.719487652182579,0.8841796939571699,0.8845703154802322,0.6952054972449938,0.6914350812633833,0.6354389451444149,0.6344999213082095,0.9964855909347534,0.9847436447938284
20260709_142627_A_botangle_Dvery_light_Svery_slow_024_r2,botangle,botangle_Dvery_light_Svery_slow,24,0.7821660165985426,0.772461233039697,0.7469493597745895,0.7361001918713251,0.8783878708879153,0.8804556677738825,0.6768275375167528,0.6726324955622355,0.6770597373445829,0.6589989634230733,0.979936957359314,0.9851152251164118
20260709_142627_A_botangle_Dvery_light_Svery_slow_024_r3,botangle,botangle_Dvery_light_Svery_slow,24,0.761111356317997,0.7660767287015915,0.7146837239464124,0.7116143479943275,0.8817602321505547,0.8836979741851488,0.693962795039018,0.6867477359871069,0.6297660736987988,0.6319906339049339,0.9914122819900513,0.9837425624330839
20260709_142627_A_botangle_Dvery_light_Svery_slow_024_r4,botangle,botangle_Dvery_light_Svery_slow,24,0.740209678808848,0.7411129722992579,0.700023427605629,0.698485903441906,0.8766574809948603,0.8776813199122747,0.6490502990782261,0.6464016747971376,0.5833636152092367,0.5920644470800956,0.9969778060913086,0.9841174855828285
20260709_142627_A_bridge_Dfirm_Sfast_055_r0,bridge,bridge_Dfirm_Sfast,11,0.7913246859203685,0.7815113338557157,0.818437012759122,0.8126158985224637,0.8849765875122764,0.8810798796740446,0.6606611365621741,0.6371180333874442,0.6265587576410987,0.5982936024665833,0.995032787322998,0.9932202100753784
20260709_142627_A_bridge_Dfirm_Sfast_055_r1,bridge,bridge_Dfirm_Sfast,11,0.7582534497434442,0.7539590380408547,0.8089154741980813,0.803848765113137,0.8323963447050615,0.8296563083475287,0.6058243838223544,0.6016728227788751,0.5564772080291401,0.547517596997998,0.9961302280426025,0.9923866933042352
20260709_142627_A_bridge_Dfirm_Sfast_055_r2,bridge,bridge_Dfirm_Sfast,11,0.7954786311496388,0.7924145622686907,0.8302081769162958,0.8234477259896018,0.8589089783755216,0.8570996739647605,0.6597352515567433,0.6422777771949768,0.6357910267331384,0.6314962072805925,0.99765944480896,0.9926792491566051
20260709_142627_A_bridge_Dfirm_Sfast_055_r3,bridge,bridge_Dfirm_Sfast,11,0.7887866659597917,0.7799893292513761,0.8279567252505909,0.8217613913796165,0.8499550819396973,0.8439098650758917,0.6481886912475933,0.6337470520626415,0.6226932609623129,0.6150760759006847,0.9956535696983337,0.9930169907483187
20260709_142627_A_bridge_Dfirm_Sfast_055_r4,bridge,bridge_Dfirm_Sfast,11,0.7755610346794128,0.7708772637627341,0.8131026246330955,0.811486775224859,0.8503939834508029,0.8454798514192755,0.6403395696119829,0.6204333386637948,0.5951136228713122,0.5879879702221263,0.9988458752632141,0.9931766065684232
20260709_142627_A_bridge_Dfirm_Smedium_019_r0,bridge,bridge_Dfirm_Smedium,14,0.7941339441708156,0.8024966929640088,0.8236042899744851,0.818655959197453,0.8574840554169246,0.8546767575400216,0.6618414585079465,0.6536685164485659,0.6377912488366876,0.6374124666409833,0.9888569116592407,0.9897475838661194
20260709_142627_A_bridge_Dfirm_Smedium_019_r1,bridge,bridge_Dfirm_Smedium,14,0.814105898141861,0.8158016077109745,0.8339903014046806,0.8293015573705945,0.8726596874850137,0.8689232468605042,0.6865526161023549,0.6706614153725761,0.6881121971777507,0.6784471289387771,0.99131178855896,0.9895140060356685
20260709_142627_A_bridge_Dfirm_Smedium_019_r2,bridge,bridge_Dfirm_Smedium,14,0.8131750694343022,0.8194846851485116,0.8362131331648145,0.8311767365251269,0.8777668518679482,0.8724066359656197,0.6829523678336825,0.6629994511604309,0.6834464562790734,0.6795724417482104,0.993487536907196,0.9894222872597831
20260709_142627_A_bridge_Dfirm_Smedium_019_r3,bridge,bridge_Dfirm_Smedium,14,0.8150164059230259,0.820827339376722,0.8355905030454908,0.8318558165005275,0.875428284917559,0.8743763310568673,0.6769899215017047,0.6615880727767944,0.6882378320608821,0.6870253453297275,0.9955375790596008,0.9897642476218087
20260709_142627_A_bridge_Dfirm_Smedium_019_r4,bridge,bridge_Dfirm_Smedium,14,0.7996124625205994,0.8003104201384953,0.8341913819313049,0.8287114075251988,0.8552579368863787,0.8508318194321224,0.649691737123898,0.639687220965113,0.6519249826669693,0.6448220344526427,0.9937067031860352,0.9898643067904881
20260709_142627_A_bridge_Dfirm_Spendant_ref_042_r0,bridge,bridge_Dfirm_Spendant_ref,9,0.7500139872233073,0.7405152055952284,0.8186269932323031,0.813641369342804,0.8136908610661825,0.8069999019304911,0.5841859247949388,0.5657520757781135,0.5280700724364983,0.5135435540643003,0.9947723150253296,0.9951524602042304
20260709_142627_A_bridge_Dfirm_Spendant_ref_042_r1,bridge,bridge_Dfirm_Spendant_ref,9,0.7554487122429742,0.7571113175816007,0.8149455388387045,0.8099333842595419,0.8190704385439554,0.814256919754876,0.6086712777614594,0.5903349154525332,0.5504131259189712,0.5543374766906103,0.9961239099502563,0.9946020311779447
20260709_142627_A_bridge_Dfirm_Spendant_ref_042_r2,bridge,bridge_Dfirm_Spendant_ref,9,0.7843136390050253,0.7919428812132941,0.8229973647329543,0.8190639747513665,0.8304659922917684,0.8258334000905355,0.6769419345590804,0.6486651963657803,0.6196164238370128,0.6153995887272887,0.9941439032554626,0.9944938023885092
20260709_142627_A_bridge_Dfirm_Spendant_ref_042_r3,bridge,bridge_Dfirm_Spendant_ref,9,0.7674836648835076,0.7670548756917318,0.8247394959131876,0.8196763263808357,0.8531446788046095,0.8477935128741794,0.6126787298255496,0.5834843417008718,0.5683969747689035,0.5624719762967693,0.994122326374054,0.9943858120176527
20260709_142627_A_bridge_Dfirm_Spendant_ref_042_r4,bridge,bridge_Dfirm_Spendant_ref,9,0.7527789341078864,0.7386305663320754,0.8227865232361687,0.8168962664074368,0.8325311740239462,0.8260184658898247,0.5756957166724734,0.5615877277321286,0.5269538689818647,0.5003599408600066,0.9969870448112488,0.994862847858005
20260709_142627_A_bridge_Dfirm_Sslow_040_r0,bridge,bridge_Dfirm_Sslow,18,0.8216693666246202,0.8267270955774519,0.8298823369873894,0.82703407936626,0.8883196843994988,0.8867435091071658,0.6990671207507452,0.688526107205285,0.7126097025142776,0.7063529350691371,0.9901667237281799,0.9876143038272858
20260709_142627_A_bridge_Dfirm_Sslow_040_r1,bridge,bridge_Dfirm_Sslow,18,0.8291259639792972,0.8318001098102994,0.8379154039753808,0.8344011969036527,0.8862280282709334,0.8833806448512607,0.7027833263079325,0.6930716617239846,0.7274589695864253,0.7220274888806872,0.9910449981689453,0.9880652692582872
20260709_142627_A_bridge_Dfirm_Sslow_040_r2,bridge,bridge_Dfirm_Sslow,18,0.8276916609870063,0.8328271276421018,0.8369310597578684,0.8339124222596487,0.877052429649565,0.8757384849919213,0.7092593709627787,0.7027261422740089,0.7294923340280851,0.7260523844096396,0.988021194934845,0.9882210625542535
20260709_142627_A_bridge_Dfirm_Sslow_040_r3,bridge,bridge_Dfirm_Sslow,18,0.8265734513600668,0.8308722542391883,0.8361064990361532,0.8327551583449045,0.8798336717817519,0.87857719262441,0.6957520395517349,0.6883264829715093,0.7208706935246786,0.7205240900317827,0.9938504099845886,0.9878983398278555
20260709_142627_A_bridge_Dfirm_Sslow_040_r4,bridge,bridge_Dfirm_Sslow,18,0.8244873219066196,0.8312743670410581,0.8279909690221151,0.8243055111832089,0.8881862594021691,0.8865325848261515,0.7066812465588251,0.6971385545200772,0.7208387710981898,0.7173524176081022,0.9871410131454468,0.9879114760292901
20260709_142627_A_bridge_Dfirm_Svery_slow_095_r0,bridge,bridge_Dfirm_Svery_slow,23,0.8164078696914341,0.8154066904731418,0.8268684252448704,0.8225286058757616,0.8881063953689907,0.8874727435733961,0.6615319912848265,0.6537094103253406,0.7021574021681495,0.6997533537771391,0.9873875379562378,0.9881828505059947
20260709_142627_A_bridge_Dfirm_Svery_slow_095_r1,bridge,bridge_Dfirm_Svery_slow,23,0.811304289361705,0.8179441223973813,0.8219728703084199,0.8207908091337784,0.8863251831220544,0.8850534558296204,0.6703605470450028,0.6655765305394712,0.6965305008318113,0.6995037554398827,0.9667510986328125,0.988186196140621
20260709_142627_A_bridge_Dfirm_Svery_slow_095_r2,bridge,bridge_Dfirm_Svery_slow,23,0.8190398086672244,0.8192636474319126,0.834825116655101,0.8303965770679972,0.8808840435484181,0.8820137148318083,0.6658307482366976,0.6567878982295161,0.7111930296472881,0.7072168659904728,0.9816663861274719,0.9886922862218774
20260709_142627_A_bridge_Dfirm_Svery_slow_095_r3,bridge,bridge_Dfirm_Svery_slow,23,0.8265242317448491,0.8265920151834902,0.8284540746522986,0.8248226590778517,0.8882027579390485,0.8885894365932631,0.6947569963724717,0.6815048158168793,0.7334864366313686,0.7276532170565232,0.9817414283752441,0.9885455058968585
20260709_142627_A_bridge_Dfirm_Svery_slow_095_r4,bridge,bridge_Dfirm_Svery_slow,23,0.8102557348168414,0.8116098305453425,0.8157082744266676,0.8126608651617299,0.884287575016851,0.8849239245704983,0.6654370802900066,0.6604248881340027,0.697204857416775,0.6984018625124641,0.9796412587165833,0.9880993573561959
20260709_142627_A_bridge_Dlight_Sfast_093_r0,bridge,bridge_Dlight_Sfast,11,0.756346962668679,0.7601936513727362,0.8013855760747736,0.7987459247762506,0.8102257631041787,0.8045163262974132,0.6278955123641274,0.6326140382073142,0.5545642904259942,0.5656932294368744,0.9978365898132324,0.9914955984462391
20260709_142627_A_bridge_Dlight_Sfast_093_r1,bridge,bridge_Dlight_Sfast,11,0.7362497882409529,0.7464780590750955,0.7726661183617332,0.77168362790888,0.8099126003005288,0.8070263374935497,0.6221562027931213,0.6311860490928997,0.5085452590984377,0.5278945741328326,0.998457133769989,0.9913054433735934
20260709_142627_A_bridge_Dlight_Sfast_093_r2,bridge,bridge_Dlight_Sfast,11,0.7677741863510825,0.766241810538552,0.8055145090276544,0.799313095482913,0.8225634368983182,0.8177102370695635,0.6462293050505898,0.6433425003832037,0.5830060731280934,0.5861950760537927,0.9974475502967834,0.9918176965280012
20260709_142627_A_bridge_Dlight_Sfast_093_r3,bridge,bridge_Dlight_Sfast,11,0.7528862357139587,0.748808660290458,0.7884396043690768,0.7848942388187755,0.8327890580350702,0.825709814375097,0.6233893009749326,0.6229777552864768,0.5424417893994938,0.5421903986822475,0.9960152506828308,0.9914143898270347
20260709_142627_A_bridge_Dlight_Sfast_093_r4,bridge,bridge_Dlight_Sfast,11,0.76631699367003,0.7631906596097079,0.8034397255290638,0.7974428913810037,0.8103163675828413,0.807390651919625,0.6624346267093312,0.6631879562681372,0.5864564871246164,0.5815865979953245,0.9977654218673706,0.9920036359266802
20260709_142627_A_bridge_Dlight_Smedium_082_r0,bridge,bridge_Dlight_Smedium,14,0.789765362228666,0.784059464931488,0.8287533351353237,0.8242163871015821,0.8589623357568469,0.8543133778231484,0.6221572245870318,0.6202726172549384,0.6247029325791768,0.6181339876992362,0.9938245415687561,0.9886024125984737
20260709_142627_A_bridge_Dlight_Smedium_082_r1,bridge,bridge_Dlight_Smedium,14,0.8007139904158456,0.7994383658681598,0.8276429006031581,0.8227153931345258,0.8465497067996434,0.839756863457816,0.6670767792633602,0.6621573929275785,0.6634839400649071,0.6646060592361859,0.9952549338340759,0.9889966675213405
20260709_142627_A_bridge_Dlight_Smedium_082_r2,bridge,bridge_Dlight_Smedium,14,0.8046183373246875,0.8026522057397025,0.8309988720076424,0.8277236265795571,0.8705611654690334,0.8651608569281442,0.661445717726435,0.6480701416730881,0.6666202236499105,0.6623472283993449,0.9927186965942383,0.9888405885015216
20260709_142627_A_bridge_Dlight_Smedium_082_r3,bridge,bridge_Dlight_Smedium,14,0.8053310939243862,0.8079400828906468,0.8304151339190347,0.8257907799312046,0.8569499126502446,0.8542136762823377,0.6763003766536713,0.6645762132746833,0.6708856874278614,0.6715101333601134,0.9906399250030518,0.9892837575503758
20260709_142627_A_bridge_Dlight_Smedium_082_r4,bridge,bridge_Dlight_Smedium,14,0.802545108965465,0.8036732077598572,0.8305802387850625,0.825623882668359,0.8548432546002525,0.8508210820811135,0.6682923947061811,0.6636589893272945,0.6618547918541091,0.6616905267749514,0.9942572712898254,0.9897371913705554
20260709_142627_A_bridge_Dlight_Spendant_ref_081_r0,bridge,bridge_Dlight_Spendant_ref,9,0.7506748504108853,0.7477932373682658,0.8197525607215034,0.8149258163240221,0.8064310881826613,0.7986502250035604,0.5912012159824371,0.5689635939068265,0.5351214520633221,0.5334707862801022,0.9969170093536377,0.9937953286700778
20260709_142627_A_bridge_Dlight_Spendant_ref_081_r1,bridge,bridge_Dlight_Spendant_ref,9,0.7680659294128418,0.7707226143942939,0.8198419809341431,0.8148289190398322,0.8093122310108609,0.8030575381384956,0.6518917282422384,0.6321208079655966,0.5764199987881713,0.5786279526849588,0.998466968536377,0.9939335319730971
20260709_142627_A_bridge_Dlight_Spendant_ref_081_r2,bridge,bridge_Dlight_Spendant_ref,9,0.7387443979581197,0.7240817083252801,0.8019588192303976,0.7980553176667955,0.8129263122876486,0.8045074144999186,0.5786071519056956,0.5660848485098945,0.5085911924640337,0.4874616108006901,0.9955516457557678,0.9945408503214518
20260709_142627_A_bridge_Dlight_Spendant_ref_081_r3,bridge,bridge_Dlight_Spendant_ref,9,0.7742128504647149,0.7740009493298001,0.8208075496885512,0.818308154741923,0.8355837994151645,0.8244096702999539,0.6400071415636275,0.6172857615682814,0.5876932562225394,0.5857795659038756,0.9966470003128052,0.994464741812812
20260709_142627_A_bridge_Dlight_Spendant_ref_081_r4,bridge,bridge_Dlight_Spendant_ref,9,0.7601857516500685,0.7649000287055969,0.8215825160344442,0.8160948554674784,0.8150829010539584,0.8088910778363546,0.6245721975962321,0.606194770998425,0.5535266883671284,0.5633208834462695,0.9935599565505981,0.9940633972485861
20260709_142627_A_bridge_Dlight_Sslow_027_r0,bridge,bridge_Dlight_Sslow,18,0.807827976014879,0.8114032116201189,0.8135998547077179,0.8120257291528914,0.8771216438876258,0.8750276631779141,0.6852817982435226,0.6841967006524404,0.6844185143709183,0.6851127607127031,0.9883692264556885,0.9853560394710965
20260709_142627_A_bridge_Dlight_Sslow_027_r1,bridge,bridge_Dlight_Sslow,18,0.8145598040686713,0.8175532354248894,0.8235886527432336,0.8221402400069766,0.8646053075790405,0.862971070739958,0.6976335247357687,0.6933415465884738,0.700757777525319,0.7017485722899437,0.9964292049407959,0.984535061650806
20260709_142627_A_bridge_Dlight_Sslow_027_r2,bridge,bridge_Dlight_Sslow,18,0.7952913244565328,0.802362021472719,0.8049812350008223,0.803118497133255,0.8677112294567956,0.8674653636084663,0.676682816611396,0.6775595413313972,0.6507869927833477,0.6538752669261562,0.9945060014724731,0.9860306481520335
20260709_142627_A_bridge_Dlight_Sslow_027_r3,bridge,bridge_Dlight_Sslow,18,0.8095231188668145,0.8128124045001136,0.823481453789605,0.8215405411190457,0.8673716816637251,0.8647995624277327,0.683634392089314,0.6813286460108228,0.6859510532683797,0.6876089514957534,0.9882616400718689,0.9849823713302612
20260709_142627_A_bridge_Dlight_Sslow_027_r4,bridge,bridge_Dlight_Sslow,18,0.810309906800588,0.8118772572941251,0.8212642338540819,0.8198041518529257,0.8658048808574677,0.864382823308309,0.6867327094078064,0.6846213059292899,0.6904370246662034,0.6892174962494109,0.9891166090965271,0.9851147698031532
20260709_142627_A_bridge_Dlight_Svery_slow_076_r0,bridge,bridge_Dlight_Svery_slow,23,0.8282586958097375,0.8265322939209316,0.8288811937622402,0.8277978067812712,0.8897452224855837,0.8867805781571761,0.6953115683534871,0.6817994623080544,0.7408509999513626,0.7375941185847573,0.9825517535209656,0.9831490853558416
20260709_142627_A_bridge_Dlight_Svery_slow_076_r1,bridge,bridge_Dlight_Svery_slow,23,0.8347439921420553,0.8333407536796902,0.8296900909879933,0.8279558808907218,0.8895338929217794,0.8877669650575389,0.7122436787771143,0.700015417907549,0.7551377409178278,0.7465773561726445,0.982616662979126,0.9836404893709265
20260709_142627_A_bridge_Dlight_Svery_slow_076_r2,bridge,bridge_Dlight_Svery_slow,23,0.8271153491476307,0.8276156783103943,0.8287467386411584,0.8283207701600116,0.88996153033298,0.8885584421779799,0.6900884094445602,0.6761300939580669,0.7332541651051977,0.7343797437522722,0.9850708842277527,0.9835443211638409
20260709_142627_A_bridge_Dlight_Svery_slow_076_r3,bridge,bridge_Dlight_Svery_slow,23,0.8236481676930967,0.8201085873272108,0.8248023131619329,0.8224098345507747,0.8893457081006921,0.887109953424205,0.6830439969249393,0.6701258783755095,0.7297652694194213,0.7248848469361014,0.9859175682067871,0.9831925656484521
20260709_142627_A_bridge_Dlight_Svery_slow_076_r4,bridge,bridge_Dlight_Svery_slow,23,0.8303842414980349,0.8274097390796827,0.8229724453843158,0.8207297532454781,0.887210840764253,0.8857184337533038,0.7069551076578058,0.6957723511301953,0.7508833350046821,0.7464270015125689,0.9846084117889404,0.9828459439070328
20260709_142627_A_bridge_Dmedium_Sfast_029_r0,bridge,bridge_Dmedium_Sfast,11,0.7810443910685453,0.7732649716463956,0.8205434246496721,0.8169950897043402,0.8444903872229836,0.8388363014567982,0.6310140924020247,0.6152527061375704,0.6136988435279239,0.6028882955962961,0.998692512512207,0.9927746220068498
20260709_142627_A_bridge_Dmedium_Sfast_029_r1,bridge,bridge_Dmedium_Sfast,11,0.7957450259815563,0.7957980199293657,0.8310558633370833,0.8280339241027832,0.8718713359399275,0.8677897778424349,0.6453379094600677,0.6241909644820474,0.6354266110468995,0.6238564408638261,0.9958600997924805,0.9923785708167336
20260709_142627_A_bridge_Dmedium_Sfast_029_r2,bridge,bridge_Dmedium_Sfast,11,0.7837308265946128,0.7840200120752508,0.8288252516226335,0.8253617286682129,0.8529116240414706,0.8465588743036444,0.6254736510190096,0.6082248091697693,0.6090713918886401,0.6038305369967764,0.9998387098312378,0.992382981560447
20260709_142627_A_bridge_Dmedium_Sfast_029_r3,bridge,bridge_Dmedium_Sfast,11,0.7880921255458485,0.797342446717349,0.8301041939041831,0.8264837102456526,0.8420585664835843,0.8378638462586836,0.6581238616596569,0.6384676532311873,0.6266290674155409,0.6323544261130419,0.9967529773712158,0.9928343404423107
20260709_142627_A_bridge_Dmedium_Sfast_029_r4,bridge,bridge_Dmedium_Sfast,11,0.7884211431850087,0.7872813560745933,0.8315992138602517,0.8330991810018366,0.8741483309052207,0.870685951276259,0.6205175925384868,0.6170116500421003,0.616733948954127,0.615264969793233,0.9971966743469238,0.9908133149147034
20260709_142627_A_bridge_Dmedium_Smedium_022_r0,bridge,bridge_Dmedium_Smedium,14,0.8002797663211823,0.8025037092821938,0.8161204031535557,0.8119025954178402,0.8578252238886697,0.853387828384127,0.6713213750294277,0.6709994737591062,0.6573646430458341,0.6594965585640499,0.9964007139205933,0.9884905687400273
20260709_142627_A_bridge_Dmedium_Smedium_022_r1,bridge,bridge_Dmedium_Smedium,14,0.7803194650581905,0.7837523903165545,0.7947117132799966,0.7935512619359153,0.8654858725411552,0.8624354430607387,0.6664627641439438,0.6618790881974357,0.6183080694505146,0.6158599874802998,0.9979072213172913,0.9895248966557639
20260709_142627_A_bridge_Dmedium_Smedium_022_r2,bridge,bridge_Dmedium_Smedium,14,0.8012667596340179,0.8004801230771201,0.8193605925355639,0.8152978675706046,0.8507488795689174,0.8458068583692823,0.6854031724589211,0.6774637124368122,0.6655040734580585,0.6631000371915954,0.9970304369926453,0.9892034104892186
20260709_142627_A_bridge_Dmedium_Smedium_022_r3,bridge,bridge_Dmedium_Smedium,14,0.7984746311392102,0.8032625147274562,0.8183384495122092,0.8158529613699231,0.8502717060702187,0.8451136222907475,0.6835874297789165,0.682480418256351,0.6595584611807551,0.6654321732265609,0.9944402575492859,0.9892865249088832
20260709_142627_A_bridge_Dmedium_Smedium_022_r4,bridge,bridge_Dmedium_Smedium,14,0.8041173475129264,0.8079443020480019,0.8198857520307813,0.8165339742388044,0.8573176690510341,0.8544526355607169,0.6855577847787312,0.6773643834250314,0.6719072450484548,0.6705143015299525,0.9960159659385681,0.989449279648917
20260709_142627_A_bridge_Dmedium_Spendant_ref_049_r0,bridge,bridge_Dmedium_Spendant_ref,9,0.7398057050175137,0.7259632216559516,0.8098097443580627,0.8026942676968045,0.8215541111098396,0.8125510017077128,0.5662762025992075,0.5556879904535081,0.5080224838521745,0.4965770211484697,0.9943627119064331,0.9934915370411344
20260709_142627_A_bridge_Dmedium_Spendant_ref_049_r1,bridge,bridge_Dmedium_Spendant_ref,9,0.7605707049369812,0.7535989152060615,0.8180563979678683,0.8133319483862983,0.8182777961095175,0.8141855266359117,0.6067875723044077,0.5940551393561893,0.5544530583752526,0.5428600294722451,0.9966298937797546,0.9935858050982157
20260709_142627_A_bridge_Dmedium_Spendant_ref_049_r2,bridge,bridge_Dmedium_Spendant_ref,9,0.769169549147288,0.7744281556871202,0.799389488167233,0.8008861806657579,0.8316805693838332,0.8212308552530077,0.6795009838210212,0.6646523873011271,0.5762153284417258,0.57665906018681,0.9954873919487,0.9944302439689636
20260709_142627_A_bridge_Dmedium_Spendant_ref_049_r3,bridge,bridge_Dmedium_Spendant_ref,9,0.7736287117004395,0.7700519561767578,0.8187412884500291,0.8137457966804504,0.8164360192086961,0.810676097869873,0.659487611717648,0.6451960570282407,0.5935425145758523,0.5837399628427293,0.9934793710708618,0.9935777054892646
20260709_142627_A_bridge_Dmedium_Spendant_ref_049_r4,bridge,bridge_Dmedium_Spendant_ref,9,0.73804595735338,0.7405964798397489,0.8024854262669882,0.806202252705892,0.8169457581308153,0.8110874229007297,0.5838076240486569,0.574266556236479,0.5003835881749789,0.5052802570992045,0.9976695775985718,0.9937521550390456
20260709_142627_A_bridge_Dmedium_Sslow_094_r0,bridge,bridge_Dmedium_Sslow,18,0.8030861053201888,0.8030262986818949,0.8241197135713365,0.8203293184439341,0.8803510367870331,0.8771787352032132,0.6514298750294579,0.63548953168922,0.6689541199141078,0.6665857757131258,0.9901289343833923,0.9894512726200951
20260709_142627_A_bridge_Dmedium_Sslow_094_r1,bridge,bridge_Dmedium_Sslow,18,0.7978597217135959,0.8048848244878981,0.8085059291786618,0.8090158038669162,0.8790609372986687,0.8774292104774051,0.6809067610237334,0.6682274705833859,0.6637942120432854,0.6630256565080749,0.987177848815918,0.9893911447789934
20260709_142627_A_bridge_Dmedium_Sslow_094_r2,bridge,bridge_Dmedium_Sslow,18,0.8061078555054135,0.8061371909247504,0.8272787166966332,0.8222828374968635,0.8783113294177585,0.8755027751127878,0.6688725998004278,0.6560320092572106,0.6775789923138089,0.6691527747445636,0.9838378429412842,0.9895898401737213
20260709_142627_A_bridge_Dmedium_Sslow_094_r3,bridge,bridge_Dmedium_Sslow,18,0.8067097895675235,0.8064951267507341,0.8247288233704038,0.82077689965566,0.8824384179380205,0.8812213175826602,0.6597365074687533,0.6450840599007077,0.6781961429450247,0.6746110924416118,0.9898239374160767,0.9896218743589189
20260709_142627_A_bridge_Dmedium_Sslow_094_r4,bridge,bridge_Dmedium_Sslow,18,0.8140435881084866,0.8154588176144494,0.8273440268304613,0.8219902747207217,0.884540104203754,0.8812983930110931,0.6857601934009128,0.6718213376071718,0.6994520500302315,0.6895319066113896,0.9891842603683472,0.9895870685577393
20260709_142627_A_bridge_Dmedium_Svery_slow_020_r0,bridge,bridge_Dmedium_Svery_slow,23,0.8323542112889497,0.8376762011776799,0.8339969412140225,0.830766270989957,0.8825379946957463,0.8840164049811985,0.7009306835091632,0.6976475417613983,0.7484878832879274,0.7471077772586242,0.9762617945671082,0.984048068523407
20260709_142627_A_bridge_Dmedium_Svery_slow_020_r1,bridge,bridge_Dmedium_Svery_slow,23,0.8325298817261405,0.8361065828281901,0.8324483477551005,0.8285708375599073,0.8786504864692688,0.8807967927144922,0.7043757827385612,0.7003333724063375,0.7482703801082529,0.7448157512623331,0.9879568219184875,0.9835711821265842
20260709_142627_A_bridge_Dmedium_Svery_slow_020_r2,bridge,bridge_Dmedium_Svery_slow,23,0.8199434980102207,0.8257358022358107,0.8263726545416791,0.8238420460535132,0.8865339134050452,0.8851509301558785,0.6752386935379194,0.6805317388928455,0.7068144588366799,0.7128904827910921,0.9805976152420044,0.9832502370295317
20260709_142627_A_bridge_Dmedium_Svery_slow_020_r3,bridge,bridge_Dmedium_Svery_slow,23,0.8338769907536714,0.8385222398716471,0.8299630232479261,0.8264905525290448,0.8832262702610182,0.8842476139897886,0.7059014037899349,0.7064350312170775,0.7518196507640507,0.7495720214817835,0.9827852249145508,0.9837964565857596
20260709_142627_A_bridge_Dmedium_Svery_slow_020_r4,bridge,bridge_Dmedium_Svery_slow,23,0.8227004097855609,0.8252743715825288,0.8273348730543385,0.8235463888748832,0.8784376875213955,0.8788444451663805,0.6877368429432744,0.6874105917370837,0.7193794990687267,0.718925601762274,0.9829621315002441,0.9836576399595841
20260709_142627_A_bridge_Dvery_light_Sfast_041_r0,bridge,bridge_Dvery_light_Sfast,11,0.7653548717498779,0.7685030644590204,0.8035708936777982,0.8111650943756104,0.8676378672773187,0.8627076203172858,0.6163183640349995,0.5943004326386885,0.5667550509626215,0.571478515186093,0.9976508021354675,0.9915240569548174
20260709_142627_A_bridge_Dvery_light_Sfast_041_r1,bridge,bridge_Dvery_light_Sfast,11,0.7840590260245583,0.7861132405020974,0.8161866502328352,0.8159920627420599,0.8645764806053855,0.8605739311738447,0.6472464989532124,0.625369210134853,0.6170561293309386,0.6148790933869102,0.9968951940536499,0.9913796945051714
20260709_142627_A_bridge_Dvery_light_Sfast_041_r2,bridge,bridge_Dvery_light_Sfast,11,0.7842265421693976,0.7960234555331144,0.816452373157848,0.818853497505188,0.8552769910205494,0.8498522097414191,0.6608261655677449,0.6388132545081052,0.6209028898314997,0.6396990303288806,0.9972717761993408,0.9916608116843484
20260709_142627_A_bridge_Dvery_light_Sfast_041_r3,bridge,bridge_Dvery_light_Sfast,11,0.7702697678045793,0.7676368084820834,0.8185867287895896,0.8166045167229392,0.8390736146406694,0.835518246347254,0.6059394099495627,0.6029136424714868,0.5832927707921375,0.5865245325998827,0.9985402822494507,0.991672011938962
20260709_142627_A_bridge_Dvery_light_Sfast_041_r4,bridge,bridge_Dvery_light_Sfast,11,0.7499466592615301,0.7626157186248086,0.781110248782418,0.7824441248720343,0.8436683795668862,0.8401018543676897,0.6329273608597842,0.6242019913413308,0.5446236357092857,0.550496637143872,0.9987650513648987,0.9920927611264315
20260709_142627_A_bridge_Dvery_light_Smedium_058_r0,bridge,bridge_Dvery_light_Smedium,14,0.7864275617258889,0.7888308167457581,0.8118496196610587,0.8089965113571712,0.8356989026069641,0.8320612992559161,0.6620918022734779,0.6607881976025445,0.630737879978759,0.6347553527780941,0.9955831170082092,0.9879650260720935
20260709_142627_A_bridge_Dvery_light_Smedium_058_r1,bridge,bridge_Dvery_light_Smedium,14,0.7809815832546779,0.778975818838392,0.8117427698203495,0.8091200888156891,0.8259023002215794,0.8228551617690495,0.6503291917698724,0.6533209085464478,0.6164585234863418,0.6190285182424954,0.9964573979377747,0.9880138678210122
20260709_142627_A_bridge_Dvery_light_Smedium_058_r2,bridge,bridge_Dvery_light_Smedium,14,0.793091527053288,0.789095823253904,0.8136300231729235,0.8094059569495065,0.8408613290105548,0.8354960765157428,0.6799039138214928,0.6757596688611167,0.643610878182309,0.6445362674338477,0.9955136775970459,0.9879876630646842
20260709_142627_A_bridge_Dvery_light_Smedium_058_r3,bridge,bridge_Dvery_light_Smedium,14,0.7816252708435059,0.784354533467974,0.794290189232145,0.7940986965383802,0.8532856064183372,0.847130822283881,0.6759579799004963,0.6743566883461816,0.6159902129854474,0.618485804115023,0.9999035596847534,0.9868543531213488
20260709_142627_A_bridge_Dvery_light_Smedium_058_r4,bridge,bridge_Dvery_light_Smedium,14,0.7920075016362327,0.7917242390768868,0.813732236623764,0.8097356472696576,0.8421756454876491,0.8377008608409336,0.6732272974082402,0.6694746932813099,0.645044573715755,0.649376110306808,0.9943107962608337,0.9877493807247707
20260709_142627_A_bridge_Dvery_light_Spendant_ref_060_r0,bridge,bridge_Dvery_light_Spendant_ref,9,0.6998607714970907,0.6820747123824226,0.7676764395501878,0.7635715868737962,0.7590534289677938,0.7537016537454393,0.5668845805856917,0.5685881574948629,0.431761148903105,0.40908242927657235,0.9935346841812134,0.9940708610746596
20260709_142627_A_bridge_Dvery_light_Spendant_ref_060_r1,bridge,bridge_Dvery_light_Spendant_ref,9,0.7307939264509413,0.7249088353580899,0.7884876661830478,0.7831506994035509,0.7738849520683289,0.7687972254223294,0.604080855846405,0.5954445401827494,0.49225076536337536,0.48940623303254444,0.9952421188354492,0.9935985936058892
20260709_142627_A_bridge_Dvery_light_Spendant_ref_060_r2,bridge,bridge_Dvery_light_Spendant_ref,9,0.7281487716568841,0.7260827223459879,0.788187755478753,0.7855504155158997,0.7652342518170675,0.7643139627244737,0.6091233657466041,0.6077588167455461,0.4945797473192215,0.48956695530149674,0.9995384812355042,0.9942901134490967
20260709_142627_A_bridge_Dvery_light_Spendant_ref_060_r3,bridge,bridge_Dvery_light_Spendant_ref,9,0.7291143536567688,0.722408672173818,0.7860687573750814,0.7821784946653578,0.7901765240563287,0.789450208346049,0.5873286558522118,0.5891779462496439,0.4862676122122341,0.48203719158967334,0.9990974068641663,0.9939131206936307
20260709_142627_A_bridge_Dvery_light_Spendant_ref_060_r4,bridge,bridge_Dvery_light_Spendant_ref,9,0.7155391706360711,0.7160999774932861,0.7729524241553413,0.7744665808147855,0.7692547175619338,0.7653701570298936,0.6044335464636484,0.610505137178633,0.46252647870116764,0.4824842106964853,0.9951865673065186,0.9938927292823792
20260709_142627_A_bridge_Dvery_light_Sslow_021_r0,bridge,bridge_Dvery_light_Sslow,18,0.8062907622920142,0.8078160451518165,0.8257701595624288,0.8232622543970743,0.8836361997657352,0.8778351247310638,0.6581246074703004,0.6511844363477495,0.6752875215477414,0.6806607246398926,0.9945915341377258,0.9843295878834195
20260709_142627_A_bridge_Dvery_light_Sslow_021_r1,bridge,bridge_Dvery_light_Sslow,18,0.8003137442800734,0.8001789318190681,0.8239924477206336,0.8218866884708405,0.8751887314849429,0.8700175980726877,0.645641436179479,0.6394625604152679,0.6587711340851254,0.6614478255311648,0.9929899573326111,0.984743658039305
20260709_142627_A_bridge_Dvery_light_Sslow_021_r2,bridge,bridge_Dvery_light_Sslow,18,0.8015488419267867,0.8015585343043009,0.8225236303276486,0.8201196061240302,0.8693602946069505,0.8626356058650546,0.6645356035894818,0.6595971650547452,0.6678899220294423,0.6742658234304852,0.9897100329399109,0.9847073455651602
20260709_142627_A_bridge_Dvery_light_Sslow_021_r3,bridge,bridge_Dvery_light_Sslow,18,0.800939851337009,0.8004579610294766,0.8258691165182326,0.8236830665005578,0.8812392618921068,0.8749122156037225,0.6461641059981452,0.6391606165303124,0.6609379781617059,0.6644734789927801,0.9851425886154175,0.9847176373004913
20260709_142627_A_bridge_Dvery_light_Sslow_021_r4,bridge,bridge_Dvery_light_Sslow,18,0.7601975335015191,0.8016616139147017,0.8266693419880338,0.8237738973564572,0.8806366191969978,0.8745801051457723,0.6513189325730006,0.6378200120396085,0.660209157400661,0.6641973132888476,0.6433136463165283,0.9843939907020993
20260709_142627_A_bridge_Dvery_light_Svery_slow_069_r0,bridge,bridge_Dvery_light_Svery_slow,23,0.8147436639536982,0.8153547981510991,0.8190068343411321,0.8158393968706545,0.8752937265064406,0.8747460427491561,0.6875825407712356,0.6844758948554164,0.7026335363802703,0.7008166935132898,0.9855492115020752,0.9828279692193737
20260709_142627_A_bridge_Dvery_light_Svery_slow_069_r1,bridge,bridge_Dvery_light_Svery_slow,23,0.8135439546211906,0.8120645569718402,0.8166391823602759,0.812438208123912,0.873264825862387,0.8735554036886796,0.6802273885063503,0.6781991486964019,0.7024492206780807,0.6977448848926503,0.9821037650108337,0.982209853504015
20260709_142627_A_bridge_Dvery_light_Svery_slow_069_r2,bridge,bridge_Dvery_light_Svery_slow,23,0.8160476865975753,0.8160682890726172,0.8189074837643168,0.8161827299905859,0.8726269317709882,0.8722697470499121,0.6825967560643735,0.677931089764056,0.7060020650210588,0.703557035845259,0.9862186312675476,0.9818714105564615
20260709_142627_A_bridge_Dvery_light_Svery_slow_069_r3,bridge,bridge_Dvery_light_Svery_slow,23,0.8136908722960431,0.8132546051688816,0.8133894775224768,0.8081473060276197,0.8741601861041525,0.873409654783166,0.6984703022500743,0.6953176337739696,0.7048396358023519,0.6944210477497267,0.977213442325592,0.9822806897370712
20260709_142627_A_bridge_Dvery_light_Svery_slow_069_r4,bridge,bridge_Dvery_light_Svery_slow,23,0.8112494764120682,0.8134624284246693,0.8186940395313761,0.8159987589587336,0.8703665940657906,0.8701713681221008,0.6764463613862577,0.6798491076282833,0.6940305245959241,0.6950391291276269,0.9855862259864807,0.9818693580834762
20260709_142627_A_standard_Dfirm_Sfast_044_r0,standard,standard_Dfirm_Sfast,11,0.7840570103038441,0.7811869274486195,0.7814535336060957,0.7750713391737505,0.8654452128843828,0.861169928854162,0.6848429983312433,0.6664414351636713,0.6394264352592555,0.6110606742176142,0.9966616034507751,0.9945352944460782
20260709_142627_A_standard_Dfirm_Sfast_044_r1,standard,standard_Dfirm_Sfast,11,0.7783902612599459,0.779373515735973,0.7802292596210133,0.7724491574547507,0.8537417216734453,0.852831098166379,0.6793533536520872,0.665367375720631,0.6268681612881747,0.6072670675136826,0.9998815655708313,0.9943836656483737
20260709_142627_A_standard_Dfirm_Sfast_044_r2,standard,standard_Dfirm_Sfast,11,0.79139183326201,0.7845118099992926,0.7928640950809825,0.7835140065713362,0.8580102541229941,0.8568945743820884,0.6836974106051705,0.6679371351545508,0.6571372462944551,0.6252832114696503,0.9971204400062561,0.9941242824901234
20260709_142627_A_standard_Dfirm_Sfast_044_r3,standard,standard_Dfirm_Sfast,11,0.775995753028176,0.7736845233223655,0.7824989448894154,0.775908047502691,0.8554902185093273,0.854673607782884,0.6624053472822363,0.6432251848957755,0.6185761839151382,0.5944420715624635,0.9973366856575012,0.9943716146729209
20260709_142627_A_standard_Dfirm_Sfast_044_r4,standard,standard_Dfirm_Sfast,11,0.7796426198699258,0.7785839113322172,0.7799925316463817,0.7738371870734475,0.8575691418214277,0.8566960204731334,0.6727842227979139,0.659645982763984,0.6301003423604098,0.6065893234177069,0.9992331266403198,0.9941549463705583
20260709_142627_A_standard_Dfirm_Smedium_092_r0,standard,standard_Dfirm_Smedium,15,0.7562782843907674,0.7606136798858643,0.7572248220443726,0.7492554108301799,0.870201321442922,0.8683910131454468,0.6287989695866902,0.6290188948313395,0.5842212458451589,0.581082018216451,0.9994068145751953,0.9925942738850911
20260709_142627_A_standard_Dfirm_Smedium_092_r1,standard,standard_Dfirm_Smedium,15,0.7822370131810507,0.7770539005597432,0.7751898527145386,0.762935479482015,0.8725911259651185,0.8707937518755595,0.6594659189383189,0.6554953972498576,0.6478269393245379,0.6206212272246678,0.9977822303771973,0.992584780852
20260709_142627_A_standard_Dfirm_Smedium_092_r2,standard,standard_Dfirm_Smedium,15,0.7520475665728251,0.7516996343930562,0.7361570835113526,0.731822653611501,0.8707604328791301,0.8690080523490906,0.655140592654546,0.6457784692446391,0.5834496200084687,0.5591496576865514,0.999518632888794,0.9926613569259644
20260709_142627_A_standard_Dfirm_Smedium_092_r3,standard,standard_Dfirm_Smedium,15,0.7605638980865479,0.7565785924593608,0.7560161511103313,0.7458318710327149,0.8700640002886454,0.8693494876225789,0.6351014614105225,0.6335664014021556,0.5975769142309825,0.5815580402811368,0.9967159628868103,0.9926793257395427
20260709_142627_A_standard_Dfirm_Smedium_092_r4,standard,standard_Dfirm_Smedium,15,0.7708425045013427,0.7659094134966532,0.7545118212699891,0.7441537896792094,0.8685167868932088,0.8659089883168538,0.6739558458328248,0.6650040825208028,0.6311848968267441,0.5982388337453206,0.9942581057548523,0.9925063530604045
20260709_142627_A_standard_Dfirm_Spendant_ref_065_r0,standard,standard_Dfirm_Spendant_ref,9,0.7727332048945956,0.7796423898802863,0.7929893202251859,0.7925349341498481,0.8465374443266127,0.8438410758972168,0.6536739534801908,0.6296968658765157,0.6112505892912546,0.6082424339320924,0.9996399283409119,0.995619429482354
20260709_142627_A_standard_Dfirm_Spendant_ref_065_r1,standard,standard_Dfirm_Spendant_ref,9,0.7880920105510287,0.7912348773744371,0.8100773758358426,0.8037842247221205,0.8608960972891914,0.8589973847071329,0.6579312417242262,0.6339353422323862,0.6410984074076017,0.6299993234376112,0.9935945868492126,0.9955190089013841
20260709_142627_A_standard_Dfirm_Spendant_ref_065_r2,standard,standard_Dfirm_Spendant_ref,9,0.7833638985951742,0.785932355456882,0.8084694875611199,0.8025108178456625,0.8638053006596036,0.8582505782445272,0.6445066961977217,0.6208799249596066,0.6288036670949724,0.6167683369583554,0.9932197332382202,0.995558328098721
20260709_142627_A_standard_Dfirm_Spendant_ref_065_r3,standard,standard_Dfirm_Spendant_ref,9,0.7898701495594449,0.7948624955283271,0.8080259760220846,0.8030959632661607,0.8625809616512723,0.8571575416458977,0.6669960982269711,0.6470235619280074,0.6452333968546655,0.6364356718129582,0.9944143891334534,0.9954842461480035
20260709_142627_A_standard_Dfirm_Spendant_ref_065_r4,standard,standard_Dfirm_Spendant_ref,9,0.7837233278486464,0.7887723710801866,0.8047669927279154,0.7987669308980306,0.8611772656440735,0.8591562244627211,0.6485970483885871,0.6313050223721398,0.6371387222574817,0.6294890642166138,0.9956501722335815,0.9953844944636027
20260709_142627_A_standard_Dfirm_Sslow_054_r0,standard,standard_Dfirm_Sslow,18,0.7665704025162591,0.7594401174121432,0.7392505771583981,0.7300319539176093,0.861865778764089,0.8634896808200412,0.6634892606072955,0.6664870646264818,0.6328179265062014,0.614587153825495,0.9948355555534363,0.9893006516827477
20260709_142627_A_standard_Dfirm_Sslow_054_r1,standard,standard_Dfirm_Sslow,18,0.7243053681320615,0.7259633839130402,0.6995481782489352,0.6923593282699585,0.8590100506941477,0.8605506486362882,0.6334532466199663,0.632147952914238,0.5362632133894496,0.520399871799681,0.9949060082435608,0.9894881116019355
20260709_142627_A_standard_Dfirm_Sslow_054_r2,standard,standard_Dfirm_Sslow,18,0.7403931220372518,0.7403612401750352,0.7016071346071031,0.6948482228649987,0.8555807173252106,0.8581828342543708,0.6703284217251672,0.669175825185246,0.5846323412325647,0.5715974577599101,0.9905033707618713,0.9890809390279982
20260709_142627_A_standard_Dfirm_Sslow_054_r3,standard,standard_Dfirm_Sslow,18,0.7394009530544281,0.7285387946499718,0.6915793716907501,0.6823253333568573,0.8539445532692803,0.856366839673784,0.6742279678583145,0.6739643000894122,0.5940471266706785,0.5784048347009553,0.9922824501991272,0.9883389274279276
20260709_142627_A_standard_Dfirm_Sslow_054_r4,standard,standard_Dfirm_Sslow,18,0.6968832744492425,0.693092041545444,0.6200065811475118,0.6203433341450162,0.8470371729797788,0.8527790738476647,0.661354629529847,0.6601550744639503,0.5289424591594272,0.5198548254039552,0.9931756854057312,0.9860710071192847
20260709_142627_A_standard_Dfirm_Svery_slow_008_r0,standard,standard_Dfirm_Svery_slow,24,0.6865010460217794,0.6798944746454557,0.5973986585934957,0.5952685674031576,0.8462191646297773,0.8518957023819288,0.6502277577916781,0.6451964403192202,0.5451025484750668,0.5342560019344091,0.9473773837089539,0.9775223483641943
20260709_142627_A_standard_Dfirm_Svery_slow_008_r1,standard,standard_Dfirm_Svery_slow,24,0.676680289208889,0.6699879641334215,0.5874153499801954,0.5875764836867651,0.8379035020867983,0.8430780048171679,0.621861670166254,0.6177668198943138,0.5187547579407692,0.5096649344389638,0.9832106828689575,0.975725936392943
20260709_142627_A_standard_Dfirm_Svery_slow_008_r2,standard,standard_Dfirm_Svery_slow,24,0.7041658461093903,0.6952428569396337,0.6229035332798958,0.6199749757846197,0.8542792052030563,0.8579775889714559,0.6580746571222941,0.6569857721527418,0.555097975457708,0.5410065284619728,0.9833089113235474,0.9831184446811676
20260709_142627_A_standard_Dfirm_Svery_slow_008_r3,standard,standard_Dfirm_Svery_slow,24,0.7026563361287117,0.6907199397683144,0.6221580853064855,0.6166507502396902,0.8589484418431917,0.8618787502249082,0.6581571462253729,0.6597676488260428,0.5486626087998351,0.5338130372886857,0.9798978567123413,0.9834916343291601
20260709_142627_A_standard_Dfirm_Svery_slow_008_r4,standard,standard_Dfirm_Svery_slow,24,0.6929997131228447,0.6857651645938555,0.6154684747258822,0.6124336173137029,0.8450240194797516,0.8486656347910563,0.645948043713967,0.6466043430070082,0.5324758685504397,0.5230148959284028,0.9854958653450012,0.9823172812660536
20260709_142627_A_standard_Dlight_Sfast_030_r0,standard,standard_Dlight_Sfast,11,0.7620288512923501,0.7658833915537054,0.774806634946303,0.7718921195377003,0.8507846160368486,0.8508404872634194,0.6355519944971258,0.6321034052155234,0.5891948193311691,0.5875714069063013,0.9966239333152771,0.9929275241765109
20260709_142627_A_standard_Dlight_Sfast_030_r1,standard,standard_Dlight_Sfast,11,0.7694203040816567,0.7696816921234131,0.7702596946196123,0.7648115103895013,0.8591494397683577,0.8558019724759188,0.6526023826815865,0.6559799747033552,0.6032741442322731,0.6024146879261191,0.9996709823608398,0.9925668077035383
20260709_142627_A_standard_Dlight_Sfast_030_r2,standard,standard_Dlight_Sfast,11,0.783072059804743,0.7757341319864447,0.7898925705389543,0.7814740484411066,0.8519205288453535,0.8509954539212313,0.6665184443647211,0.6608471220189874,0.6362177743153139,0.6155677261677656,0.9942420125007629,0.9933004596016624
20260709_142627_A_standard_Dlight_Sfast_030_r3,standard,standard_Dlight_Sfast,11,0.7664749188856645,0.768621108748696,0.7733134573156183,0.7689628872004423,0.8539986502040516,0.8489313288168474,0.6518692753531716,0.6475641321052205,0.5991389345039021,0.5950142206116156,0.9985519647598267,0.9921981204639782
20260709_142627_A_standard_Dlight_Sfast_030_r4,standard,standard_Dlight_Sfast,11,0.7692100514065136,0.7695579312064431,0.7739993713118813,0.7700692848725752,0.8446724143895236,0.8424421332099221,0.6615408171306957,0.6542046964168549,0.6119748225266283,0.6031058478084478,0.9951382279396057,0.9930768229744651
20260709_142627_A_standard_Dlight_Smedium_048_r0,standard,standard_Dlight_Smedium,15,0.7472326040267945,0.7501663366953532,0.7337257544199626,0.7266258001327515,0.8613982796669006,0.8604202469189962,0.6649920622507731,0.6630426426728566,0.5690280795097351,0.563427709043026,0.9999824166297913,0.9909355084101359
20260709_142627_A_standard_Dlight_Smedium_048_r1,standard,standard_Dlight_Smedium,15,0.7318507194519043,0.7349268794059753,0.7218607346216838,0.7154092351595561,0.8636026938756307,0.8621354142824809,0.6425617655118306,0.6437427759170532,0.532041906317075,0.5328348154822985,0.9958851933479309,0.9903889139493306
20260709_142627_A_standard_Dlight_Smedium_048_r2,standard,standard_Dlight_Smedium,15,0.7229204773902893,0.7241297205289204,0.703518279393514,0.6982444008191426,0.8671729246775309,0.865765647093455,0.649394170443217,0.6508228143056234,0.5199042201042176,0.5240247058371703,0.9968817830085754,0.9908347129821777
20260709_142627_A_standard_Dlight_Smedium_048_r3,standard,standard_Dlight_Smedium,15,0.7113697052001953,0.7164509733517964,0.687822429339091,0.6819714784622193,0.8586902379989624,0.857841436068217,0.6613831082979839,0.6604960461457571,0.4988769402106603,0.49710636710127193,0.9950374960899353,0.9906610767046611
20260709_142627_A_standard_Dlight_Smedium_048_r4,standard,standard_Dlight_Smedium,15,0.7349141558011373,0.7340628186861674,0.7197623014450073,0.7168555855751038,0.8695813020070394,0.8687142928441366,0.6527837574481964,0.6521185795466106,0.5447100500265757,0.5440420975287755,0.9988464713096619,0.9908985455830892
20260709_142627_A_standard_Dlight_Spendant_ref_003_r0,standard,standard_Dlight_Spendant_ref,9,0.7585183514489068,0.7527364492416382,0.7573801345295377,0.7512292199664645,0.8598801692326864,0.8589106930626763,0.6461794078350067,0.6347610652446747,0.5957534147633446,0.5825599051184125,0.9944776296615601,0.9921743472417196
20260709_142627_A_standard_Dlight_Spendant_ref_003_r1,standard,standard_Dlight_Spendant_ref,9,0.7642158269882202,0.7568645609749688,0.7560658123758104,0.7495500577820672,0.8578985333442688,0.8576219413015578,0.6644465128580729,0.6522243685192533,0.6129165358013577,0.5931196924712923,0.9964656233787537,0.9925541016790602
20260709_142627_A_standard_Dlight_Spendant_ref_003_r2,standard,standard_Dlight_Spendant_ref,9,0.7620748546388414,0.7508171399434408,0.7515112360318502,0.7471491032176547,0.8529151744312711,0.8540069924460517,0.6641770005226135,0.6467032565010918,0.6153729624218411,0.57654969394207,0.9940099120140076,0.9924560321701897
20260709_142627_A_standard_Dlight_Spendant_ref_003_r3,standard,standard_Dlight_Spendant_ref,9,0.7651340497864617,0.7581839892599318,0.7571300599310133,0.7502950893508064,0.8594669500986735,0.8587941328684489,0.6654683318403032,0.6498625179131826,0.613865906993548,0.5896099044217004,0.9958966970443726,0.9925171269310845
20260709_142627_A_standard_Dlight_Spendant_ref_003_r4,standard,standard_Dlight_Spendant_ref,9,0.7643963562117683,0.7579484846856859,0.7572955820295546,0.7486353516578674,0.8623545368512472,0.8613091707229614,0.6647838420338101,0.6483900679482354,0.6130403925975164,0.586525527967347,0.9935868382453918,0.9926498995886909
20260709_142627_A_standard_Dlight_Sslow_062_r0,standard,standard_Dlight_Sslow,18,0.7358040478494432,0.7244901988241408,0.702590737077925,0.6942663159635332,0.8562365571657816,0.8576625751124488,0.6408942623270882,0.6450377967622545,0.5691186226904392,0.5697065989176432,0.9947831630706787,0.9863512482908037
20260709_142627_A_standard_Dlight_Sslow_062_r1,standard,standard_Dlight_Sslow,18,0.7348807023631202,0.7216129534774356,0.7008724245760176,0.6947276161776649,0.8458958996666802,0.8466129038068984,0.6389183203379313,0.6412587844663196,0.5734237999551826,0.5658328756690025,0.9944729208946228,0.9875194662147098
20260709_142627_A_standard_Dlight_Sslow_062_r2,standard,standard_Dlight_Sslow,18,0.756496916214625,0.739789711104499,0.7097417745325301,0.7003140846888224,0.862514293856091,0.8638686901993222,0.6845306654771169,0.6837343706025018,0.6259835147195392,0.6112008806731966,0.9911388158798218,0.9877537555164762
20260709_142627_A_standard_Dlight_Sslow_062_r3,standard,standard_Dlight_Sslow,18,0.7522064944108328,0.7459479338592954,0.7207004990842607,0.7128923369778527,0.8547252648406558,0.8547417455249362,0.68234497639868,0.6844620423184501,0.5994168809718556,0.5896889674994681,0.993644118309021,0.9870594971709781
20260709_142627_A_standard_Dlight_Sslow_062_r4,standard,standard_Dlight_Sslow,18,0.741980168554518,0.7372109856870439,0.7138007481892904,0.7077146702342563,0.8690815071264902,0.8667857382032607,0.6618379768398073,0.6637459761566586,0.5637711038192114,0.5623596575525072,0.9922181367874146,0.9874693983130984
20260709_142627_A_standard_Dlight_Svery_slow_061_r0,standard,standard_Dlight_Svery_slow,24,0.6899658367037773,0.675140288968881,0.6138997822999954,0.6112340539693832,0.8450887526075045,0.8498255784312884,0.6415617081026236,0.6361220503846804,0.5217291455095013,0.517813105446597,0.9865611791610718,0.979796494046847
20260709_142627_A_standard_Dlight_Svery_slow_061_r1,standard,standard_Dlight_Svery_slow,24,0.7011524190505346,0.6927382424473763,0.6154468109210333,0.6140442490577698,0.8456231181820234,0.8509622489412626,0.6727793936928114,0.6665929853916168,0.548259382446607,0.5433068498969078,0.9884992837905884,0.9806210324168205
20260709_142627_A_standard_Dlight_Svery_slow_061_r2,standard,standard_Dlight_Svery_slow,24,0.6934529145558676,0.6880540996789932,0.6335553228855133,0.6292743608355522,0.8552429030338923,0.8597023462255796,0.6378036427001158,0.6303090949853262,0.5078278958487014,0.5080737670262655,0.9841182827949524,0.9820512309670448
20260709_142627_A_standard_Dlight_Svery_slow_061_r3,standard,standard_Dlight_Svery_slow,24,0.7067826489607493,0.6995539913574854,0.6275095666448275,0.6266489202777544,0.8526989420255026,0.8598183418313662,0.67474548270305,0.6696467051903406,0.5510112761209408,0.5498557277023792,0.9828088879585266,0.9828225746750832
20260709_142627_A_standard_Dlight_Svery_slow_061_r4,standard,standard_Dlight_Svery_slow,24,0.726508341729641,0.720965658624967,0.657827245692412,0.6560119017958641,0.8579306999842325,0.8624929909904798,0.6618086968859037,0.6656270660459995,0.5892709059019884,0.5848293413097659,0.9854929447174072,0.9851895620425543
20260709_142627_A_standard_Dmedium_Sfast_091_r0,standard,standard_Dmedium_Sfast,11,0.7696358453143727,0.771699228069999,0.7840572107921947,0.7784780155528676,0.8651893301443621,0.8601382049647245,0.6371761668812145,0.6303627951578661,0.592907689511776,0.5948500809344378,0.9997777938842773,0.994067826054313
20260709_142627_A_standard_Dmedium_Sfast_091_r1,standard,standard_Dmedium_Sfast,11,0.7782201170921326,0.7718134088949724,0.7970632639798251,0.7899846597151323,0.8594541062008251,0.854778381911191,0.6391432149843737,0.6291526014154608,0.616798921064897,0.6021172146905552,0.9962852597236633,0.9942441420121626
20260709_142627_A_standard_Dmedium_Sfast_091_r2,standard,standard_Dmedium_Sfast,11,0.7697602727196433,0.7719422036951239,0.7819548791105096,0.7801104350523516,0.8583378412506797,0.8548048843036998,0.6391183246265758,0.6336372142488306,0.5980940054763447,0.5986518737944689,0.9983449578285217,0.9941101507707075
20260709_142627_A_standard_Dmedium_Sfast_091_r3,standard,standard_Dmedium_Sfast,11,0.7677085128697482,0.7659102515740828,0.7822730757973411,0.7778518904339183,0.8614287701520053,0.8570232824845747,0.6357502476735548,0.6251310868696733,0.5934486436572942,0.5801431028680368,0.9998733997344971,0.9941466396505182
20260709_142627_A_standard_Dmedium_Sfast_091_r4,standard,standard_Dmedium_Sfast,11,0.7834038842808116,0.7836715687404979,0.7973425388336182,0.7900999405167319,0.8604247624223883,0.8559580445289612,0.65242323550311,0.6433960389007222,0.6275236010551453,0.6198155290701173,0.9993858933448792,0.9943384473974054
20260709_142627_A_standard_Dmedium_Smedium_039_r0,standard,standard_Dmedium_Smedium,15,0.73756396373113,0.7392255067825317,0.7452108422915141,0.7414472142855326,0.8545280456542969,0.8547688643137614,0.6149791638056438,0.6173117736975352,0.5373428801695506,0.5324483171105385,0.9963434934616089,0.9918098012606303
20260709_142627_A_standard_Dmedium_Smedium_039_r1,standard,standard_Dmedium_Smedium,15,0.7557000915209452,0.7492554744084676,0.766971762975057,0.7598795970280965,0.8496244072914123,0.8484188834826152,0.6295202712217967,0.6273987134297688,0.5813864549001058,0.5670206060012182,0.9970664381980896,0.9914633631706238
20260709_142627_A_standard_Dmedium_Smedium_039_r2,standard,standard_Dmedium_Smedium,15,0.7518542130788167,0.7556520342826843,0.7497447808583577,0.745396633942922,0.8710184256235759,0.8690468271573385,0.6494152744611105,0.6478670438130697,0.5679357488950093,0.561719627181689,0.997398853302002,0.991480561097463
20260709_142627_A_standard_Dmedium_Smedium_039_r3,standard,standard_Dmedium_Smedium,15,0.7462316513061523,0.7523732542991638,0.7466055830319722,0.7439367214838664,0.8625498096148173,0.861601714293162,0.6353911896546681,0.6365410248438518,0.5594152321418127,0.5519274363915125,0.9996238350868225,0.9912868420283
20260709_142627_A_standard_Dmedium_Smedium_039_r4,standard,standard_Dmedium_Smedium,15,0.7675708452860515,0.7605532725652059,0.7747035304705302,0.7650866587956746,0.8690259655316671,0.8693813443183899,0.6218319634596506,0.6271713197231292,0.5988363131880761,0.5820643698175748,0.9975965023040771,0.9912885705629985
20260709_142627_A_standard_Dmedium_Spendant_ref_098_r0,standard,standard_Dmedium_Spendant_ref,9,0.7378731833563911,0.7493273946974013,0.7544986738098992,0.7604981263478597,0.8349489834573534,0.8303578827116225,0.6408101717631022,0.6198143131203122,0.5317031786673598,0.54404499878486,0.9971525073051453,0.9956670072343614
20260709_142627_A_standard_Dmedium_Spendant_ref_098_r1,standard,standard_Dmedium_Spendant_ref,9,0.7322711480988396,0.746369355254703,0.7686217427253723,0.76449982325236,0.8385639786720276,0.8384253051545885,0.5774796903133392,0.5772135986222161,0.5034945552340813,0.5260771430201001,0.9954178333282471,0.9954067733552721
20260709_142627_A_standard_Dmedium_Spendant_ref_098_r2,standard,standard_Dmedium_Spendant_ref,9,0.7401771744092306,0.7548921439382765,0.7720213135083517,0.7675165401564704,0.8415262566672431,0.8367465602027045,0.5983309580220116,0.6031725605328878,0.5231524834202396,0.5392836514446471,0.993713915348053,0.9957162406709459
20260709_142627_A_standard_Dmedium_Spendant_ref_098_r3,standard,standard_Dmedium_Spendant_ref,9,0.7458801931805081,0.7544884814156426,0.7696335448159112,0.7663857340812683,0.8387313286463419,0.8345417314105563,0.6243840091758304,0.6124587688181136,0.5456017889082432,0.5497162573867374,0.9951498508453369,0.995768772231208
20260709_142627_A_standard_Dmedium_Spendant_ref_098_r4,standard,standard_Dmedium_Spendant_ref,9,0.7329639262623258,0.7495135929849412,0.7497689459058974,0.752792755762736,0.8384019003974067,0.8346937629911635,0.6272479726208581,0.6142512493663363,0.524276588526037,0.5416054220663177,0.9939444065093994,0.9956444435649447
20260709_142627_A_standard_Dmedium_Sslow_088_r0,standard,standard_Dmedium_Sslow,18,0.7047693332036337,0.7002080877621969,0.6644024352232615,0.6590123540825314,0.854317886961831,0.8544960286882188,0.6515943391455544,0.6509028491046693,0.48425330056084526,0.4878442858656247,0.9926313161849976,0.989451484547721
20260709_142627_A_standard_Dmedium_Sslow_088_r1,standard,standard_Dmedium_Sslow,18,0.69606723719173,0.6931023995081583,0.6569176448716058,0.6519954568809934,0.8398605850007799,0.8404871589607663,0.654044411248631,0.6479238089587953,0.47510497437583077,0.46501686175664264,0.9851266145706177,0.9895740846792856
20260709_142627_A_standard_Dmedium_Sslow_088_r2,standard,standard_Dmedium_Sslow,18,0.7169878284136454,0.7126468188232846,0.6723908318413628,0.6662301454279158,0.8564824561278025,0.8587437338299222,0.6587270514832603,0.6578051480982039,0.5295554614729352,0.5301215404437648,0.9916366934776306,0.9888238840632968
20260709_142627_A_standard_Dmedium_Sslow_088_r3,standard,standard_Dmedium_Sslow,18,0.7092368337843153,0.7015027602513632,0.6706014043755002,0.6652556657791138,0.843621571858724,0.8478977845774757,0.6495457804865308,0.6477769348356459,0.5027231665121185,0.4996502233876122,0.9931495189666748,0.9889927506446838
20260709_142627_A_standard_Dmedium_Sslow_088_r4,standard,standard_Dmedium_Sslow,18,0.7400678098201752,0.7266725997130076,0.7134663131501939,0.7027694781621298,0.8542334967189364,0.8538244333532121,0.649322638909022,0.6455787469943365,0.5669987731509738,0.5487907284663783,0.9912025332450867,0.9892821709314982
20260709_142627_A_standard_Dmedium_Svery_slow_011_r0,standard,standard_Dmedium_Svery_slow,24,0.6915156344572703,0.6776981428265572,0.604661725461483,0.6021508350968361,0.8488750929633776,0.8523923878868421,0.6469770980377992,0.642994244893392,0.5366142801940441,0.5233861642579237,0.9875698685646057,0.9764017115036646
20260709_142627_A_standard_Dmedium_Svery_slow_011_r1,standard,standard_Dmedium_Svery_slow,24,0.6868551472822825,0.6774710988005003,0.6065116003155708,0.6047574604550997,0.8475287482142448,0.851012259721756,0.6358916871249676,0.6334365432461103,0.5210883083442847,0.5107860478262106,0.987981379032135,0.975832869609197
20260709_142627_A_standard_Dmedium_Svery_slow_011_r2,standard,standard_Dmedium_Svery_slow,24,0.7034279108047485,0.6887748042742411,0.6186704163750013,0.6132602766156197,0.8551949759324392,0.8564720352490743,0.6734114959836006,0.6740390410025915,0.5563235680262247,0.5370900295674801,0.9776738286018372,0.9766986668109894
20260709_142627_A_standard_Dmedium_Svery_slow_011_r3,standard,standard_Dmedium_Svery_slow,24,0.6850313618779182,0.6771656721830368,0.5838366647561392,0.5832137987017632,0.8375633930166563,0.842740923166275,0.6494792401790619,0.6462006159126759,0.5385276035716137,0.5307055339217186,0.984061062335968,0.9734075193603834
20260709_142627_A_standard_Dmedium_Svery_slow_011_r4,standard,standard_Dmedium_Svery_slow,24,0.6829011887311935,0.6738650773962339,0.6018416484196981,0.5991092274586359,0.8368048220872879,0.8405887087186178,0.6352150465051333,0.6324788232644399,0.5140558537095785,0.5064816605299711,0.9819650650024414,0.9756873622536659
20260709_142627_A_standard_Dvery_light_Sfast_097_r0,standard,standard_Dvery_light_Sfast,11,0.790851051157171,0.7927276546304877,0.7962064255367626,0.7909632867032831,0.8626079559326172,0.8603344342925332,0.67847679419951,0.6701207188042727,0.6526634042913263,0.6456563770771027,0.9972448945045471,0.9938209002668207
20260709_142627_A_standard_Dvery_light_Sfast_097_r1,standard,standard_Dvery_light_Sfast,11,0.7660648876970465,0.7809316895224832,0.767051940614527,0.7736354524439032,0.8544283563440497,0.8508530475876548,0.6669127182527022,0.6563272638754412,0.6041222363710403,0.619716468182477,0.9975649118423462,0.9936632676558061
20260709_142627_A_standard_Dvery_light_Sfast_097_r2,standard,standard_Dvery_light_Sfast,11,0.7873623154380105,0.7859490297057412,0.7945890047333457,0.7889437458731912,0.8548231341622092,0.852090678431771,0.6708974621512673,0.6590456122701819,0.6485098275271329,0.6421849795363166,0.9982202053070068,0.9936238635670055
20260709_142627_A_standard_Dvery_light_Sfast_097_r3,standard,standard_Dvery_light_Sfast,11,0.7913338000124152,0.7890598177909851,0.7927225936542858,0.7853556275367737,0.85601975701072,0.8532499345866117,0.6811024925925515,0.66957103935155,0.6574269140308554,0.6485034891150214,0.9978213310241699,0.9935441613197327
20260709_142627_A_standard_Dvery_light_Sfast_097_r4,standard,standard_Dvery_light_Sfast,11,0.7529697580771013,0.7559460889209401,0.761702380397103,0.757416383786635,0.8556200807744806,0.8535429401831194,0.6250603632493452,0.6216932345520366,0.5736920928413217,0.5765344283797524,0.999752402305603,0.9932400638406927
20260709_142627_A_standard_Dvery_light_Smedium_052_r0,standard,standard_Dvery_light_Smedium,15,0.7653615474700928,0.7603620012601217,0.7671522577603658,0.7598506212234497,0.8656051158905029,0.8632720192273458,0.642421958843867,0.6484784026940663,0.5995891829331715,0.5884075780709584,0.9967427849769592,0.9899111191431681
20260709_142627_A_standard_Dvery_light_Smedium_052_r1,standard,standard_Dvery_light_Smedium,15,0.7574458360671997,0.7584997932116191,0.7568837722142537,0.7516280134518941,0.8560040791829427,0.8540217041969299,0.657779335975647,0.6577592849731445,0.587404050429662,0.5800714522600174,0.9970375895500183,0.9898852785428365
20260709_142627_A_standard_Dvery_light_Smedium_052_r2,standard,standard_Dvery_light_Smedium,15,0.7674710194269816,0.7621167461077373,0.767665712038676,0.7614571253458658,0.8587083538373311,0.8547454714775086,0.6566799879074097,0.6542225480079651,0.6091330101092657,0.5927452276150386,0.999462366104126,0.9903170466423035
20260709_142627_A_standard_Dvery_light_Smedium_052_r3,standard,standard_Dvery_light_Smedium,15,0.7573529362678528,0.7533860921859741,0.7572806517283122,0.7502064347267151,0.8513520161310831,0.8524586280186971,0.6350068171819051,0.6361466944217682,0.5943151250481605,0.5797563711802165,0.9951111078262329,0.990088431040446
20260709_142627_A_standard_Dvery_light_Smedium_052_r4,standard,standard_Dvery_light_Smedium,15,0.7626965284347534,0.7614920536677042,0.7710099816322327,0.7668293277422588,0.8593815128008525,0.8560605764389038,0.6349374850591024,0.638224470615387,0.5900211545328299,0.5831595088044802,0.998539388179779,0.9904548645019531
20260709_142627_A_standard_Dvery_light_Spendant_ref_085_r0,standard,standard_Dvery_light_Spendant_ref,9,0.7482545839415656,0.7506054308679369,0.7706580824322171,0.766167574458652,0.8493099808692932,0.8429359594980875,0.6276659733719296,0.6217461360825433,0.5392725691199303,0.5430486939019628,0.9960740208625793,0.9942983786265055
20260709_142627_A_standard_Dvery_light_Spendant_ref_085_r1,standard,standard_Dvery_light_Spendant_ref,9,0.7430383629269071,0.7450599604182773,0.768788046307034,0.7643565932909647,0.83602241675059,0.8278233077791002,0.6260284218523238,0.6198172701729668,0.5339154584540261,0.5312782559129927,0.9927825331687927,0.9945785734388564
20260709_142627_A_standard_Dvery_light_Spendant_ref_085_r2,standard,standard_Dvery_light_Spendant_ref,9,0.7471060156822205,0.7487901714113023,0.768987602657742,0.7632340325249566,0.8416804472605387,0.8346734907892015,0.6262523962391747,0.6159274578094482,0.5428104392356343,0.5378184484110938,0.9938625693321228,0.9943680100970798
20260709_142627_A_standard_Dvery_light_Spendant_ref_085_r3,standard,standard_Dvery_light_Spendant_ref,9,0.7218500243292915,0.7285871373282539,0.7509767148229811,0.7477083735995822,0.8210253914197286,0.8149262799157037,0.6106624669498868,0.6044816540347205,0.4872034899890423,0.4877491212553448,0.9954609274864197,0.9943310154808892
20260709_142627_A_standard_Dvery_light_Spendant_ref_085_r4,standard,standard_Dvery_light_Spendant_ref,9,0.7443896995650398,0.7432527277204726,0.7662466367085775,0.7584871848424276,0.8257947630352445,0.8180257744259305,0.6432134840223525,0.6329616473780738,0.5440806489851739,0.535030908882618,0.9929283261299133,0.9943266577190824
20260709_142627_A_standard_Dvery_light_Sslow_006_r0,standard,standard_Dvery_light_Sslow,18,0.7063334021303389,0.6862200929058923,0.6247885955704583,0.618870390786065,0.8569801615344154,0.860464827881919,0.6767954611115985,0.6757456908623377,0.5450938219825426,0.5361686555875672,0.9844911694526672,0.9825275341669718
20260709_142627_A_standard_Dvery_light_Sslow_006_r1,standard,standard_Dvery_light_Sslow,18,0.6924050350983938,0.6800890300008986,0.6115654872523414,0.6092100474569533,0.8498494956228468,0.8533855842219459,0.6529297596878476,0.6527900265322791,0.5288756589094797,0.5216835911075274,0.9893196225166321,0.9808059930801392
20260709_142627_A_standard_Dvery_light_Sslow_006_r2,standard,standard_Dvery_light_Sslow,18,0.6980277465449439,0.6917910277843475,0.6200569404496087,0.6166844301753573,0.8525906105836233,0.8556290666262308,0.6734594851732254,0.6732272141509585,0.5387246465931336,0.5374040251804723,0.9655353426933289,0.9807230134805044
20260709_142627_A_standard_Dvery_light_Sslow_006_r3,standard,standard_Dvery_light_Sslow,18,0.6917194856537713,0.6779099835289849,0.6120569772190518,0.6112723118729062,0.8507737318674723,0.8529370592700111,0.6474071161614524,0.642971803744634,0.5208251368668344,0.5181087085770236,0.9897117018699646,0.9808306694030762
20260709_142627_A_standard_Dvery_light_Sslow_006_r4,standard,standard_Dvery_light_Sslow,18,0.6885380182001326,0.6752960383892059,0.616659488942888,0.6147974265946282,0.8472623262140486,0.847659558057785,0.6416684720251296,0.6362214552031623,0.5039254178603491,0.49857376433081096,0.9935112595558167,0.9811129238870409
20260709_142627_A_standard_Dvery_light_Svery_slow_070_r0,standard,standard_Dvery_light_Svery_slow,24,0.6865451435248057,0.6752648378411928,0.6248048096895218,0.6256227716803551,0.8399344856540362,0.8412560845414797,0.6447386691967646,0.6441789430876573,0.5005664446701606,0.49909254101415473,0.9823948740959167,0.9793886989355087
20260709_142627_A_standard_Dvery_light_Svery_slow_070_r1,standard,standard_Dvery_light_Svery_slow,24,0.6965936943888664,0.6898726696769396,0.6421557515859604,0.6411074176430702,0.8348509867986044,0.8373958071072897,0.6649797186255455,0.6611588249603907,0.5146061889827251,0.50370371590058,0.9836131930351257,0.9812950814763705
20260709_142627_A_standard_Dvery_light_Svery_slow_070_r2,standard,standard_Dvery_light_Svery_slow,24,0.7063715135057768,0.700902538994948,0.6441395133733749,0.6425615176558495,0.8566896940271059,0.8567801018555959,0.6665573132534822,0.6662094493707021,0.521187013015151,0.5224418944368759,0.9925878047943115,0.9795724600553513
20260709_142627_A_standard_Dvery_light_Svery_slow_070_r3,standard,standard_Dvery_light_Svery_slow,24,0.6973508050044378,0.6905155777931213,0.631474939485391,0.6329451104005178,0.8553145031134287,0.8561729490756989,0.6645718117554983,0.663491436590751,0.5099814931551615,0.5138402214894692,0.9879146814346313,0.9789844453334808
20260709_142627_A_standard_Dvery_light_Svery_slow_070_r4,standard,standard_Dvery_light_Svery_slow,24,0.6957347616553307,0.6922361627221107,0.6429925834139189,0.6409059936801592,0.8443673650423685,0.8452709515889486,0.6423160421351591,0.6423654320339361,0.5088731438542405,0.5060196612030268,0.9851845502853394,0.9797175154089928
20260709_142627_A_topangle_Dfirm_Sfast_009_r0,topangle,topangle_Dfirm_Sfast,10,0.7089304506778717,0.705996710062027,0.6751754522323609,0.6715171754360199,0.8484944522380828,0.8479780554771423,0.6423102527856827,0.6410009086132049,0.530880269408226,0.526049692928791,0.9730048775672913,0.9811457514762878
20260709_142627_A_topangle_Dfirm_Sfast_009_r1,topangle,topangle_Dfirm_Sfast,10,0.7166461944580078,0.7099270284175873,0.6797264039516449,0.6728848099708558,0.8495508372783661,0.848798543214798,0.658969247341156,0.6587770283222198,0.544209000468254,0.5303086951375008,0.9744605422019958,0.9811632812023163
20260709_142627_A_topangle_Dfirm_Sfast_009_r2,topangle,topangle_Dfirm_Sfast,10,0.7056266367435455,0.7032705903053283,0.6637191951274872,0.6603755295276642,0.8536519646644593,0.8539079546928405,0.6551749646663666,0.6539118528366089,0.5215365335345268,0.5153592169284821,0.9715301394462585,0.9820050179958344
20260709_142627_A_topangle_Dfirm_Sfast_009_r3,topangle,topangle_Dfirm_Sfast,10,0.7208490073680878,0.7130275666713715,0.6817267060279846,0.673683500289917,0.8535944640636444,0.8531481623649597,0.6670300006866455,0.666720575094223,0.5515999466180801,0.5345062911510468,0.9730164408683777,0.9814141392707825
20260709_142627_A_topangle_Dfirm_Sfast_009_r4,topangle,topangle_Dfirm_Sfast,10,0.7298515796661377,0.7208451271057129,0.6933704733848571,0.6852812826633453,0.8517329454421997,0.8518663287162781,0.666040164232254,0.6653577774763108,0.5759313106536865,0.5555530905723571,0.9712731838226318,0.9809787571430206
20260709_142627_A_topangle_Dfirm_Smedium_079_r0,topangle,topangle_Dfirm_Smedium,13,0.7437327274909387,0.7448773796741779,0.7305749838168805,0.7262455133291391,0.856047694499676,0.8537515631088843,0.6492303220125345,0.641211076424672,0.5819806766051513,0.57914160994383,0.9733346104621887,0.9816202246225797
20260709_142627_A_topangle_Dfirm_Smedium_079_r1,topangle,topangle_Dfirm_Smedium,13,0.7445716399412888,0.745664289364448,0.7255263053453885,0.7229589728208689,0.851268667441148,0.8496512128756597,0.6652229107343234,0.6588222017655005,0.5924972811570535,0.5857866360591009,0.9747120141983032,0.9815541459963872
20260709_142627_A_topangle_Dfirm_Smedium_079_r2,topangle,topangle_Dfirm_Smedium,13,0.7108029264670152,0.7153463271948007,0.6771448575533353,0.6716553293741666,0.8464190409733698,0.846932264474722,0.6666872455523565,0.6583781379919785,0.5195028793353301,0.5220575699439416,0.9822176098823547,0.97969068472202
20260709_142627_A_topangle_Dfirm_Smedium_079_r3,topangle,topangle_Dfirm_Smedium,13,0.7347056682293231,0.7359723632152264,0.7020239050571735,0.6970481459911053,0.8442830856029804,0.8450020230733432,0.6671703251508566,0.6663898412997906,0.5819536046339915,0.5771551235364034,0.9770593047142029,0.9802309824870183
20260709_142627_A_topangle_Dfirm_Smedium_079_r4,topangle,topangle_Dfirm_Smedium,13,0.7189748974946829,0.7191406855216393,0.6833184269758371,0.6799527360842779,0.8453004222649795,0.843206735757681,0.6714803920342372,0.6621065506568322,0.5471424265549734,0.5390713845308011,0.9750567674636841,0.9799697903486398
20260709_142627_A_topangle_Dfirm_Spendant_ref_066_r0,topangle,topangle_Dfirm_Spendant_ref,8,0.7090627625584602,0.7094951570034027,0.7279890179634094,0.7245490774512291,0.8163191005587578,0.8160775229334831,0.6005871891975403,0.5978290624916553,0.4825103720650077,0.4829647792503238,0.9699797034263611,0.9877985492348671
20260709_142627_A_topangle_Dfirm_Spendant_ref_066_r1,topangle,topangle_Dfirm_Spendant_ref,8,0.7433812692761421,0.7395079135894775,0.7677138224244118,0.7616519331932068,0.8208814263343811,0.8166797012090683,0.6269710250198841,0.6157729215919971,0.5636297278106213,0.5521920705214143,0.9701019525527954,0.9886455163359642
20260709_142627_A_topangle_Dfirm_Spendant_ref_066_r2,topangle,topangle_Dfirm_Spendant_ref,8,0.7364398539066315,0.7334901764988899,0.7665741741657257,0.7610507681965828,0.814631275832653,0.8128068670630455,0.5989036373794079,0.5996453911066055,0.5418579047545791,0.5411914242431521,0.9699883460998535,0.9886191040277481
20260709_142627_A_topangle_Dfirm_Spendant_ref_066_r3,topangle,topangle_Dfirm_Spendant_ref,8,0.7062145844101906,0.7143254727125168,0.7459325939416885,0.7423100844025612,0.8131688237190247,0.8088650777935982,0.557556789368391,0.5576972365379333,0.4728832170367241,0.48251822078600526,0.9703359007835388,0.9885790944099426
20260709_142627_A_topangle_Dfirm_Spendant_ref_066_r4,topangle,topangle_Dfirm_Spendant_ref,8,0.6961506307125092,0.7046571224927902,0.7196110934019089,0.7172184810042381,0.834199920296669,0.8307988941669464,0.5866308212280273,0.5782810114324093,0.44642823562026024,0.4431346319615841,0.9700793027877808,0.9898528903722763
20260709_142627_A_topangle_Dfirm_Sslow_018_r0,topangle,topangle_Dfirm_Sslow,16,0.7421152219176292,0.7355155050754547,0.7030659727752209,0.6949597559869289,0.8675796128809452,0.8689304739236832,0.6597243193536997,0.6612517517060041,0.5934903332963586,0.5863764262758195,0.9810607433319092,0.9784548543393612
20260709_142627_A_topangle_Dfirm_Sslow_018_r1,topangle,topangle_Dfirm_Sslow,16,0.7278194911777973,0.7267636246979237,0.6862868703901768,0.6799788624048233,0.8680679351091385,0.8694053217768669,0.6564091574400663,0.6588519085198641,0.5593492880580015,0.5594834443181753,0.976524829864502,0.9788336418569088
20260709_142627_A_topangle_Dfirm_Sslow_018_r2,topangle,topangle_Dfirm_Sslow,16,0.7221337892115116,0.7286621741950512,0.6800496876239777,0.6761601194739342,0.8693901337683201,0.8700623884797096,0.6617653798311949,0.6617576722055674,0.5474220162723213,0.5533632421866059,0.9798678159713745,0.9792142733931541
20260709_142627_A_topangle_Dfirm_Sslow_018_r3,topangle,topangle_Dfirm_Sslow,16,0.7328000776469707,0.7245706953108311,0.6870618723332882,0.6807942278683186,0.870040949434042,0.8706046491861343,0.6680332683026791,0.6682433616369963,0.5709616786334664,0.5610859063453972,0.9811686873435974,0.9792115278542042
20260709_142627_A_topangle_Dfirm_Sslow_018_r4,topangle,topangle_Dfirm_Sslow,16,0.7118713855743408,0.7167095988988876,0.6703531257808208,0.6675166264176369,0.8682281002402306,0.8693646565079689,0.6478760093450546,0.6507459469139576,0.524645903147757,0.5298437047749758,0.9841071367263794,0.9795629717409611
20260709_142627_A_topangle_Dfirm_Svery_slow_087_r0,topangle,topangle_Dfirm_Svery_slow,21,0.7135478683880397,0.7011856635411581,0.6466697454452515,0.6410230256262279,0.8530031073661077,0.8540694089162917,0.6868320192609515,0.6831532489685785,0.5511790074053264,0.5442196471350533,0.9905357956886292,0.969382833866846
20260709_142627_A_topangle_Dfirm_Svery_slow_087_r1,topangle,topangle_Dfirm_Svery_slow,21,0.7157896870658511,0.7068129011562893,0.6466001726332165,0.6430076871599469,0.852920807543255,0.8533656284922645,0.6903798608552842,0.6875450781413487,0.5555574964909327,0.5530730918759391,0.989216148853302,0.9711849320502508
20260709_142627_A_topangle_Dfirm_Svery_slow_087_r2,topangle,topangle_Dfirm_Svery_slow,21,0.7106721032233465,0.6950115646634784,0.6379741515432086,0.6348993551163447,0.8520507500285194,0.8544693390528361,0.6814067448888507,0.6800207353773571,0.5522960765021188,0.5475929904551733,0.9909866452217102,0.9708263306390672
20260709_142627_A_topangle_Dfirm_Svery_slow_087_r3,topangle,topangle_Dfirm_Svery_slow,21,0.6998297146388462,0.6866787728809175,0.6419011467979068,0.6373192298979986,0.8502019359951928,0.8519347281683058,0.6479126200789497,0.6494583572660174,0.5165284323905196,0.5130466861384255,0.9824103713035583,0.9692323520070031
20260709_142627_A_topangle_Dfirm_Svery_slow_087_r4,topangle,topangle_Dfirm_Svery_slow,21,0.7076590174720401,0.6896055823280698,0.640830397605896,0.63546754916509,0.8452608840806144,0.8456118504206339,0.6791389272326515,0.6768368170374915,0.5400825582799458,0.5293560453823635,0.9903240203857422,0.9680281338237581
20260709_142627_A_topangle_Dlight_Sfast_057_r0,topangle,topangle_Dlight_Sfast,10,0.7444231271743774,0.7437464714050293,0.7409071266651154,0.7394371390342712,0.8417009532451629,0.8366080045700073,0.647481495141983,0.6418677985668182,0.5790926560759544,0.5709776490926742,0.9715932607650757,0.9858014404773712
20260709_142627_A_topangle_Dlight_Sfast_057_r1,topangle,topangle_Dlight_Sfast,10,0.7464415848255157,0.7391948640346527,0.7359826385974884,0.7310856878757477,0.8432602763175965,0.8403250992298126,0.6546315044164658,0.6528896600008011,0.5930957242846489,0.5775109887123108,0.9698712825775146,0.9835821568965912
20260709_142627_A_topangle_Dlight_Sfast_057_r2,topangle,topangle_Dlight_Sfast,10,0.7026009380817413,0.7173652470111846,0.6922691643238068,0.6976271092891693,0.8227918207645416,0.8223273158073425,0.6352017551660538,0.6361208468675613,0.49446419924497603,0.5072106078267098,0.9719445705413818,0.9846122741699219
20260709_142627_A_topangle_Dlight_Sfast_057_r3,topangle,topangle_Dlight_Sfast,10,0.7254076778888703,0.7234765231609345,0.7050787568092346,0.7004324972629548,0.8294236958026886,0.8254849493503571,0.6746912270784378,0.6726871281862259,0.550563383102417,0.5375718638300896,0.9710246324539185,0.9835322618484497
20260709_142627_A_topangle_Dlight_Sfast_057_r4,topangle,topangle_Dlight_Sfast,10,0.7380307734012603,0.735572874546051,0.7333456873893738,0.7271065235137939,0.8470261216163635,0.8429737448692322,0.641150489449501,0.642113596200943,0.5584562703967094,0.5481850802898407,0.972321093082428,0.9831236660480499
20260709_142627_A_topangle_Dlight_Smedium_063_r0,topangle,topangle_Dlight_Smedium,13,0.7290850510964026,0.732878946341001,0.6929959333859957,0.6907662565891559,0.8383184717251704,0.838344028362861,0.6670391124028426,0.6681655645370483,0.5739282896885505,0.5714598481471722,0.9771527051925659,0.9767952744777386
20260709_142627_A_topangle_Dlight_Smedium_063_r1,topangle,topangle_Dlight_Smedium,13,0.6694748264092666,0.649139234652886,0.6166394948959351,0.622959737594311,0.82124191064101,0.8205057428433344,0.6377598345279694,0.6371757227640885,0.4588788151741028,0.4365961150481151,0.9808359742164612,0.976989168387193
20260709_142627_A_topangle_Dlight_Smedium_063_r2,topangle,topangle_Dlight_Smedium,13,0.7259264313257657,0.7147413125404944,0.7039377918610206,0.6929220007016108,0.8289793959030738,0.8283622585810148,0.6106501405055706,0.6193657975930434,0.5712212780490518,0.5537925620491688,0.975088894367218,0.9766067541562594
20260709_142627_A_topangle_Dlight_Smedium_063_r3,topangle,topangle_Dlight_Smedium,13,0.7213503901775067,0.7214817771544824,0.6967698931694031,0.6975711033894465,0.8341166377067566,0.8344219143574054,0.6434715183881613,0.6418152474440061,0.5551310766201752,0.552908256649971,0.9759542942047119,0.978693045102633
20260709_142627_A_topangle_Dlight_Smedium_063_r4,topangle,topangle_Dlight_Smedium,13,0.7160801795812753,0.7282258638968835,0.6940597112362201,0.7015947928795447,0.8392165073981652,0.8372916074899527,0.6427025221861326,0.6411444980364579,0.53493233025074,0.548558737222965,0.9747305512428284,0.9783238493479215
20260709_142627_A_topangle_Dlight_Spendant_ref_089_r0,topangle,topangle_Dlight_Spendant_ref,8,0.7043347358703613,0.7131100669503212,0.7201623022556305,0.7158416882157326,0.7927163168787956,0.7889110594987869,0.6197185181081295,0.6222539097070694,0.4904620787128806,0.4963659979403019,0.9697775840759277,0.9871232807636261
20260709_142627_A_topangle_Dlight_Spendant_ref_089_r1,topangle,topangle_Dlight_Spendant_ref,8,0.7001217603683472,0.7041396200656891,0.7267661243677139,0.7254499569535255,0.8006509244441986,0.7990366742014885,0.5928010232746601,0.5921442992985249,0.4629057087004185,0.45786679070442915,0.970302164554596,0.9896088168025017
20260709_142627_A_topangle_Dlight_Spendant_ref_089_r2,topangle,topangle_Dlight_Spendant_ref,8,0.6715270578861237,0.6714797243475914,0.699586346745491,0.6961704269051552,0.7881881296634674,0.7834721282124519,0.5600273683667183,0.5713204145431519,0.4020610209554434,0.3998966198414564,0.9714497923851013,0.9890121296048164
20260709_142627_A_topangle_Dlight_Spendant_ref_089_r3,topangle,topangle_Dlight_Spendant_ref,8,0.6642521023750305,0.6730485185980797,0.6998499482870102,0.6956860050559044,0.7746690437197685,0.7754496559500694,0.5403407290577888,0.5600355006754398,0.38732909318059683,0.3980602631345391,0.9724240303039551,0.9869629293680191
20260709_142627_A_topangle_Dlight_Spendant_ref_089_r4,topangle,topangle_Dlight_Spendant_ref,8,0.6792512834072113,0.6905541196465492,0.6996685191988945,0.6992427781224251,0.8107696920633316,0.80800960958004,0.5681363716721535,0.5755316838622093,0.4178008232265711,0.42925928393378854,0.9703750014305115,0.9882532209157944
20260709_142627_A_topangle_Dlight_Sslow_045_r0,topangle,topangle_Dlight_Sslow,16,0.7040412835776806,0.6834702715277672,0.6428631171584129,0.6387195773422718,0.8521902821958065,0.8528159745037556,0.6725227124989033,0.6744089666754007,0.5320927081629634,0.5188027741387486,0.9788909554481506,0.974185161292553
20260709_142627_A_topangle_Dlight_Sslow_045_r1,topangle,topangle_Dlight_Sslow,16,0.7056613452732563,0.6886589676141739,0.6425926834344864,0.6396619901061058,0.8638779930770397,0.8639820590615273,0.6778806447982788,0.6763945873826742,0.5319245848804712,0.5260769007727504,0.9859821200370789,0.9740464277565479
20260709_142627_A_topangle_Dlight_Sslow_045_r2,topangle,topangle_Dlight_Sslow,16,0.7087344266474247,0.7029603943228722,0.6524018794298172,0.6515265852212906,0.8554028905928135,0.8560297936201096,0.6743512898683548,0.6730406489223242,0.5393082164227962,0.5347985597327352,0.9593090415000916,0.976474791765213
20260709_142627_A_topangle_Dlight_Sslow_045_r3,topangle,topangle_Dlight_Sslow,16,0.6988910362124443,0.6886729598045349,0.6391520947217941,0.6376806832849979,0.8520945459604263,0.8529522195458412,0.6713927369564772,0.6698210425674915,0.5207344796508551,0.5153275020420551,0.9640010595321655,0.9717012122273445
20260709_142627_A_topangle_Dlight_Sslow_045_r4,topangle,topangle_Dlight_Sslow,16,0.6848639212548733,0.6824829280376434,0.6403407827019691,0.640355184674263,0.846485860645771,0.8461779095232487,0.6301444638520479,0.6315244548022747,0.4757955325767398,0.4892442189157009,0.9680382013320923,0.9700710810720921
20260709_142627_A_topangle_Dlight_Svery_slow_004_r0,topangle,topangle_Dlight_Svery_slow,21,0.6707634159496852,0.6665499380656651,0.5829422644206456,0.5822337184633527,0.8317129980950129,0.8319066308793568,0.6388875189281645,0.6352842279842922,0.5365587841896784,0.5286162722678411,0.8974454402923584,0.9234588486807687
20260709_142627_A_topangle_Dlight_Svery_slow_004_r1,topangle,topangle_Dlight_Svery_slow,21,0.6766130924224854,0.669608473777771,0.5845766152654376,0.5837515989939371,0.831540048122406,0.836006244023641,0.6498895613920121,0.6473123459588914,0.5496788535799298,0.5453787417638869,0.8994224667549133,0.9278594737961179
20260709_142627_A_topangle_Dlight_Svery_slow_004_r2,topangle,topangle_Dlight_Svery_slow,21,0.673400566691444,0.6727831108229501,0.575170948391869,0.5766258523577735,0.8363530408768427,0.8390507981890724,0.6391511162122091,0.6372255157856714,0.5435457300572168,0.5428441677774701,0.9209141731262207,0.9229998929159982
20260709_142627_A_topangle_Dlight_Svery_slow_004_r3,topangle,topangle_Dlight_Svery_slow,21,0.6683347991534642,0.6656621013368879,0.5782945298013233,0.5797751063392276,0.8332318095933824,0.8331825051988874,0.6378150113991329,0.6351439867700849,0.5321573686032068,0.522375762462616,0.8848338723182678,0.9226718630109515
20260709_142627_A_topangle_Dlight_Svery_slow_004_r4,topangle,topangle_Dlight_Svery_slow,21,0.6644919684955052,0.665283066885812,0.5876549510728746,0.5870320910499209,0.824538509051005,0.8232648741631281,0.6287099889346531,0.6277549706754231,0.50548388560613,0.5020034064849218,0.8971034288406372,0.9176127257801238
20260709_142627_A_topangle_Dmedium_Sfast_010_r0,topangle,topangle_Dmedium_Sfast,10,0.6986820459365845,0.6992242753505706,0.6567703068256379,0.6541836678981781,0.8353597700595856,0.8341176033020019,0.6558360904455185,0.6480286240577697,0.5062430754303933,0.5097661539912224,0.9758152365684509,0.9771781921386719
20260709_142627_A_topangle_Dmedium_Sfast_010_r1,topangle,topangle_Dmedium_Sfast,10,0.6739198207855225,0.6796683549880982,0.6445384383201599,0.6469689905643463,0.8252626776695251,0.825555807352066,0.6118399560451507,0.6130130887031555,0.446218004077673,0.46201289147138597,0.975328266620636,0.9769537448883057
20260709_142627_A_topangle_Dmedium_Sfast_010_r2,topangle,topangle_Dmedium_Sfast,10,0.674584549665451,0.6736127674579621,0.6383697509765625,0.6376717925071717,0.8215167999267579,0.8199247777462005,0.6216248989105224,0.6197798699140549,0.4598426461219788,0.4703941479325294,0.9748572707176208,0.9766911029815674
20260709_142627_A_topangle_Dmedium_Sfast_010_r3,topangle,topangle_Dmedium_Sfast,10,0.677939110994339,0.6735147416591645,0.6431603014469147,0.6421081244945526,0.8201028108596802,0.8210025787353515,0.6427469938993454,0.639558744430542,0.4700358986854553,0.460539872944355,0.9726108908653259,0.978978407382965
20260709_142627_A_topangle_Dmedium_Sfast_010_r4,topangle,topangle_Dmedium_Sfast,10,0.680169278383255,0.6800851166248322,0.6532919049263001,0.6546392261981964,0.8175182819366456,0.8168935120105744,0.6114473015069961,0.6086767345666886,0.4655321516096592,0.47338690757751467,0.9723591208457947,0.9770372629165649
20260709_142627_A_topangle_Dmedium_Smedium_014_r0,topangle,topangle_Dmedium_Smedium,13,0.6999572515487671,0.6925520713512714,0.6346344351768494,0.6339685458403367,0.8546105118898245,0.8576995867949265,0.6644727129202622,0.6636132506223825,0.5310472937730643,0.5241533128114847,0.9725214242935181,0.9718751082053552
20260709_142627_A_topangle_Dmedium_Smedium_014_r1,topangle,topangle_Dmedium_Smedium,13,0.6845961350661057,0.6783382204862741,0.6235681542983422,0.6269023418426514,0.8502962818512549,0.8541848567815927,0.6208349076601175,0.6290901372065911,0.499430717398914,0.5011266773709884,0.9779031872749329,0.9711213891322796
20260709_142627_A_topangle_Dmedium_Smedium_014_r2,topangle,topangle_Dmedium_Smedium,13,0.6946292978066665,0.6841273216100839,0.6172828949414767,0.6192427598513089,0.8451341619858375,0.8496427765259376,0.6572431004964389,0.6582267238543584,0.5350728115210166,0.5258936904943906,0.9783011078834534,0.9718930171086237
20260709_142627_A_topangle_Dmedium_Smedium_014_r3,topangle,topangle_Dmedium_Smedium,13,0.6929682584909292,0.6882748649670527,0.6253807498858526,0.6280377140411963,0.8550159335136414,0.8595568629411551,0.6464165426217593,0.6490053947155292,0.517136791577706,0.5221586708839123,0.9797605276107788,0.971930247086745
20260709_142627_A_topangle_Dmedium_Smedium_014_r4,topangle,topangle_Dmedium_Smedium,13,0.6941113471984863,0.6882256040206323,0.6322027811637292,0.6315359060580914,0.8478248211053702,0.8516441812882056,0.6348616870550009,0.6344542228258573,0.5264891099471313,0.5200316137992419,0.9754238724708557,0.9723804638935969
20260709_142627_A_topangle_Dmedium_Spendant_ref_034_r0,topangle,topangle_Dmedium_Spendant_ref,8,0.7365581169724464,0.7407571002840996,0.7334021553397179,0.7271448522806168,0.8536578863859177,0.8471637442708015,0.658475823700428,0.641705684363842,0.5519033465534449,0.5404922645539045,0.9693636298179626,0.9893809854984283
20260709_142627_A_topangle_Dmedium_Spendant_ref_034_r1,topangle,topangle_Dmedium_Spendant_ref,8,0.7460840493440628,0.7457334324717522,0.7502151131629944,0.7421776205301285,0.851564921438694,0.8458764106035233,0.6452510319650173,0.6276693008840084,0.570136102847755,0.5534184277057648,0.9714576005935669,0.9894632920622826
20260709_142627_A_topangle_Dmedium_Spendant_ref_034_r2,topangle,topangle_Dmedium_Spendant_ref,8,0.7374641746282578,0.7404926866292953,0.7505566850304604,0.7473119795322418,0.8414580598473549,0.8334544971585274,0.6299673989415169,0.6125499568879604,0.5516621870920062,0.5418506087735295,0.9697427749633789,0.989192359149456
20260709_142627_A_topangle_Dmedium_Spendant_ref_034_r3,topangle,topangle_Dmedium_Spendant_ref,8,0.7545777261257172,0.7593399658799171,0.7518671900033951,0.7497309446334839,0.8487652614712715,0.8424903303384781,0.6749718822538853,0.6569251120090485,0.5940745621919632,0.5861999504268169,0.971810519695282,0.9893194958567619
20260709_142627_A_topangle_Dmedium_Spendant_ref_034_r4,topangle,topangle_Dmedium_Spendant_ref,8,0.7640163823962212,0.7584746778011322,0.7642500996589661,0.7553670108318329,0.8529737070202827,0.8489006534218788,0.6600414253771305,0.6458580978214741,0.6172452177852392,0.5953193865716457,0.96998131275177,0.9892823547124863
20260709_142627_A_topangle_Dmedium_Sslow_077_r0,topangle,topangle_Dmedium_Sslow,16,0.7002241723239422,0.6994639113545418,0.6544117853045464,0.6527196131646633,0.8489247746765614,0.8482511825859547,0.6602099798619747,0.6581714581698179,0.5091454414650798,0.5136324185878038,0.9775118827819824,0.9733497761189938
20260709_142627_A_topangle_Dmedium_Sslow_077_r1,topangle,topangle_Dmedium_Sslow,16,0.7100318856537342,0.7222792878746986,0.6596715152263641,0.6580315195024014,0.8511120863258839,0.8507311902940273,0.6840789448469877,0.6826096102595329,0.5295282201841474,0.5386488446965814,0.9799615740776062,0.9740451946854591
20260709_142627_A_topangle_Dmedium_Sslow_077_r2,topangle,topangle_Dmedium_Sslow,16,0.7109351418912411,0.7138545513153076,0.6614957898855209,0.6599750556051731,0.8390882350504398,0.8404579944908619,0.6775488555431366,0.6769382935017347,0.5376065205782652,0.542789313942194,0.9805824756622314,0.9738661125302315
20260709_142627_A_topangle_Dmedium_Sslow_077_r3,topangle,topangle_Dmedium_Sslow,16,0.7026177272200584,0.7022119015455246,0.6554708518087864,0.6542970351874828,0.838030006736517,0.8382071740925312,0.6748950146138668,0.6734434794634581,0.5155830439180136,0.5077170487493277,0.9776578545570374,0.9755854494869709
20260709_142627_A_topangle_Dmedium_Sslow_077_r4,topangle,topangle_Dmedium_Sslow,16,0.6981514729559422,0.6976619027554989,0.6518643833696842,0.6492447927594185,0.8431173451244831,0.8447033129632473,0.6544656958431005,0.6488928031176329,0.5044359369203448,0.506285366602242,0.9845501184463501,0.9726912379264832
20260709_142627_A_topangle_Dmedium_Svery_slow_007_r0,topangle,topangle_Dmedium_Svery_slow,21,0.6699339350064596,0.6544149376097179,0.589262258438837,0.5872631044614882,0.8407697081565857,0.8445636686824617,0.6158718693824041,0.6152106168724242,0.5206088377606302,0.512824844391573,0.9145681262016296,0.9445987939834595
20260709_142627_A_topangle_Dmedium_Svery_slow_007_r1,topangle,topangle_Dmedium_Svery_slow,21,0.6833840977577936,0.6628280083338419,0.5806204364413307,0.5797481990995861,0.8387172931716556,0.8439255839302426,0.6476828541074481,0.6468702455361685,0.5502799153327942,0.536330338035311,0.9474328756332397,0.9399039802097139
20260709_142627_A_topangle_Dmedium_Svery_slow_007_r2,topangle,topangle_Dmedium_Svery_slow,21,0.687293685617901,0.6629697765622821,0.5833204814365932,0.5814446579842341,0.8361084234146845,0.8410717504365104,0.650920352765492,0.6479033827781677,0.5603391968068623,0.5407775030249641,0.9554855227470398,0.9432287045887539
20260709_142627_A_topangle_Dmedium_Svery_slow_007_r3,topangle,topangle_Dmedium_Svery_slow,21,0.6741045599892026,0.6526684590748378,0.5882572701999119,0.586383356934502,0.8415710755756923,0.8453527688980103,0.6114650326115745,0.6109863420327505,0.514724942545096,0.5042418397608257,0.956487238407135,0.9427685198329744
20260709_142627_A_topangle_Dmedium_Svery_slow_007_r4,topangle,topangle_Dmedium_Svery_slow,21,0.674084986959185,0.6496526173182896,0.5907771445456005,0.5880171259244283,0.8437605528604417,0.8473883810497466,0.6230164681162152,0.6201111674308777,0.5282820264498392,0.506537914276123,0.9179757237434387,0.9456504640125093
20260709_142627_A_topangle_Dvery_light_Sfast_033_r0,topangle,topangle_Dvery_light_Sfast,10,0.7270898997783661,0.7303924858570099,0.7229857265949249,0.7185881853103637,0.8257459998130798,0.8238607466220855,0.6409737855195999,0.6428135365247727,0.5397832110524178,0.5409099504351615,0.9726600050926208,0.9825819492340088
20260709_142627_A_topangle_Dvery_light_Sfast_033_r1,topangle,topangle_Dvery_light_Sfast,10,0.7372538387775421,0.7379578173160553,0.7391841828823089,0.7306977033615112,0.811399108171463,0.8103919744491577,0.6497047364711761,0.6480828374624252,0.5659407213330269,0.5590306252241135,0.9727737903594971,0.9830974102020263
20260709_142627_A_topangle_Dvery_light_Sfast_033_r2,topangle,topangle_Dvery_light_Sfast,10,0.7192276954650879,0.7167077362537384,0.7119012176990509,0.7248122990131378,0.8526659131050109,0.8481355130672454,0.6373685359954834,0.6359850645065308,0.5204841256141662,0.5287042006850242,0.9721097350120544,0.9840855419635772
20260709_142627_A_topangle_Dvery_light_Sfast_033_r3,topangle,topangle_Dvery_light_Sfast,10,0.7101250886917114,0.7081768870353699,0.7167596995830536,0.7114910840988159,0.795568186044693,0.7929483592510224,0.6253381490707397,0.6307476669549942,0.512129345536232,0.5133470624685288,0.9751778244972229,0.9805373787879944
20260709_142627_A_topangle_Dvery_light_Sfast_033_r4,topangle,topangle_Dvery_light_Sfast,10,0.7296924591064453,0.7361944913864136,0.7189357995986938,0.7159150183200836,0.8238020241260529,0.8185171246528625,0.659866350889206,0.6601179927587509,0.5536576420068741,0.5526803806424141,0.9718735814094543,0.9808411598205566
20260709_142627_A_topangle_Dvery_light_Smedium_059_r0,topangle,topangle_Dvery_light_Smedium,13,0.6880432367324829,0.6788240533608657,0.640632688999176,0.6405815894787128,0.8241858849158654,0.8213156966062692,0.6596669669334705,0.6579985045469724,0.48784624154751116,0.4873321193915147,0.9813357591629028,0.9694878229728112
20260709_142627_A_topangle_Dvery_light_Smedium_059_r1,topangle,topangle_Dvery_light_Smedium,13,0.6454098178790166,0.6543061274748582,0.6268643920238202,0.6295623595897968,0.828788583095257,0.8263961260135357,0.5855267827327435,0.5866867876969851,0.41185462933320266,0.4208618700504303,0.8735677003860474,0.9309755792984595
20260709_142627_A_topangle_Dvery_light_Smedium_059_r2,topangle,topangle_Dvery_light_Smedium,13,0.6814127885378324,0.6874599227538476,0.6687237345255338,0.6605422267547021,0.8591266182752756,0.8532162629641019,0.6345445788823642,0.6394635393069341,0.4724552207268201,0.4735013854045134,0.8495756983757019,0.9372393167935885
20260709_142627_A_topangle_Dvery_light_Smedium_059_r3,topangle,topangle_Dvery_light_Smedium,13,0.6419370220257685,0.6555567658864535,0.6354259940294119,0.629044954593365,0.841009103334867,0.8355867908551142,0.585059642791748,0.5882693827152252,0.410579437819811,0.4146729616018442,0.8171253204345703,0.9311761901928828
20260709_142627_A_topangle_Dvery_light_Smedium_059_r4,topangle,topangle_Dvery_light_Smedium,13,0.6714913478264442,0.6826666456002456,0.6446754519756024,0.6344983394329364,0.8344150460683383,0.8305196166038513,0.6590611522014325,0.6604708616550152,0.47911521104665905,0.47729177887623125,0.8288999199867249,0.9323260004703815
20260709_142627_A_topangle_Dvery_light_Spendant_ref_080_r0,topangle,topangle_Dvery_light_Spendant_ref,8,0.7084542363882065,0.7052266970276833,0.7083128169178963,0.7030616402626038,0.7914868667721748,0.7891011983156204,0.6416901908814907,0.649130217730999,0.5054195821285248,0.49910830706357956,0.971860408782959,0.9871969223022461
20260709_142627_A_topangle_Dvery_light_Spendant_ref_080_r1,topangle,topangle_Dvery_light_Spendant_ref,8,0.6949822008609772,0.6849957183003426,0.7184616699814796,0.7124003618955612,0.8043159693479538,0.8035714477300644,0.5857560150325298,0.5922908894717693,0.45649890322238207,0.4371537622064352,0.9688015580177307,0.9894196018576622
20260709_142627_A_topangle_Dvery_light_Spendant_ref_080_r2,topangle,topangle_Dvery_light_Spendant_ref,8,0.7227018401026726,0.719230979681015,0.7319928035140038,0.7272322103381157,0.798802986741066,0.793987825512886,0.6358051300048828,0.6367088928818703,0.534580809995532,0.5212528128176928,0.9720830321311951,0.9871816486120224
20260709_142627_A_topangle_Dvery_light_Spendant_ref_080_r3,topangle,topangle_Dvery_light_Spendant_ref,8,0.7030114606022835,0.7059352621436119,0.7099360600113869,0.713710680603981,0.7968373522162437,0.7918355837464333,0.6233224160969257,0.6284843981266022,0.4927714504301548,0.5009816084057093,0.9699730277061462,0.98713019490242
20260709_142627_A_topangle_Dvery_light_Spendant_ref_080_r4,topangle,topangle_Dvery_light_Spendant_ref,8,0.7052673697471619,0.7023420482873917,0.7019001841545105,0.6980316564440727,0.7895393744111061,0.7829785943031311,0.6464601866900921,0.6507971249520779,0.5068503338843584,0.5099967215210199,0.9690504670143127,0.9858309403061867
20260709_142627_A_topangle_Dvery_light_Sslow_046_r0,topangle,topangle_Dvery_light_Sslow,16,0.6948382928967476,0.6856541559100151,0.6430334858596325,0.6401624158024788,0.8590208403766155,0.8570391796529293,0.6397800073027611,0.6471302211284637,0.4944001268595457,0.501437864266336,0.9673736095428467,0.9676609374582767
20260709_142627_A_topangle_Dvery_light_Sslow_046_r1,topangle,topangle_Dvery_light_Sslow,16,0.6924155987799168,0.686048548668623,0.6451014876365662,0.6432616598904133,0.8473933264613152,0.844518780708313,0.641522565856576,0.6441316958516836,0.4892878355458379,0.49548571463674307,0.9776831865310669,0.9700176194310188
20260709_142627_A_topangle_Dvery_light_Sslow_046_r2,topangle,topangle_Dvery_light_Sslow,16,0.696172658354044,0.6988610289990902,0.6433055400848389,0.6416600979864597,0.8413213565945625,0.8425874710083008,0.6653585247695446,0.6705512665212154,0.5115928634768352,0.5205436493270099,0.9587134718894958,0.9671916849911213
20260709_142627_A_topangle_Dvery_light_Sslow_046_r3,topangle,topangle_Dvery_light_Sslow,16,0.695194274187088,0.6852962225675583,0.630968127399683,0.6283408477902412,0.8411428518593311,0.8398786000907421,0.6694769188761711,0.6704741213470697,0.5203132815659046,0.5237343329936266,0.9770490527153015,0.9647223614156246
20260709_142627_A_topangle_Dvery_light_Sslow_046_r4,topangle,topangle_Dvery_light_Sslow,16,0.6823252886533737,0.6730982586741447,0.6216953061521053,0.6201443150639534,0.8073026947677135,0.8093146905303001,0.6559035293757915,0.6599290166050196,0.5082344729453325,0.5099230362102389,0.9698861241340637,0.9643994942307472
20260709_142627_A_topangle_Dvery_light_Svery_slow_047_r0,topangle,topangle_Dvery_light_Svery_slow,21,0.6948606059664771,0.6846470492226737,0.6362902493703932,0.6321298735482352,0.862053116162618,0.8559188871156602,0.6540369277908689,0.6554834558850243,0.4947538574536641,0.49581912018003915,0.9855993986129761,0.9060068300792149
20260709_142627_A_topangle_Dvery_light_Svery_slow_047_r1,topangle,topangle_Dvery_light_Svery_slow,21,0.6856944305556161,0.6815741998808724,0.6408153176307678,0.6379488621439252,0.8531275079363868,0.8522515921365648,0.6469722674006507,0.6470969702516284,0.4824327329794566,0.48219755717686247,0.9214792251586914,0.9095129455838885
20260709_142627_A_topangle_Dvery_light_Svery_slow_047_r2,topangle,topangle_Dvery_light_Svery_slow,21,0.6886904835700989,0.6775945368267241,0.6344105516161237,0.6336178779602051,0.8565705134755089,0.8542707846278236,0.6311525716668084,0.6342769761880239,0.4803251326084137,0.47958938706488835,0.9862790107727051,0.9078090162504286
20260709_142627_A_topangle_Dvery_light_Svery_slow_047_r3,topangle,topangle_Dvery_light_Svery_slow,21,0.6930962999661764,0.6852081474803743,0.6422728413627261,0.6410391302335829,0.8739640911420187,0.8683578939664931,0.6399809604599362,0.6391502931004479,0.47579167996134075,0.48765670969372704,0.9896470904350281,0.9097611052649361
20260709_142627_A_topangle_Dvery_light_Svery_slow_047_r4,topangle,topangle_Dvery_light_Svery_slow,21,0.6627911726633707,0.6745797055108207,0.6443262355668204,0.6440890232721964,0.8644474489348275,0.8606491997128441,0.6122860284078688,0.6150110136894953,0.44553273348581224,0.4567331104051499,0.8453821539878845,0.9086752533912659
